0,AK6
1,FUBP1
2,RFK
3,RAC1
4,ATP10D
5,POC1B-GALNT4
6,NDE1
7,TPRKB
8,ATP5H
9,STT3A
10,RNF4
11,RIF1
12,MMGT1
13,ATXN3L
14,SLX4
15,MRPS28
16,NUDT4
17,POTEM
18,MT2A
19,NDUFAF1
20,FAM60A
21,NEK5
22,VMP1
23,RHOF
24,LIN52
25,C1GALT1
26,LLPH
27,MICAL1
28,CHKA
29,BRD1
30,ATM
31,CLK2
32,G3BP2
33,ARL1
34,HJURP
35,GID8
36,CCDC23
37,MTO1
38,PRAMEF11
39,NUFIP2
40,PINX1
41,GLOD4
42,CCND1
43,RGS13
44,FANCC
45,MRPS6
46,GINS4
47,PRRC1
48,TLK2
49,AGAP6
50,ADAT3
51,PELO
52,YEATS2
53,FFAR4
54,CCER1
55,ZNF468
56,SLC25A28
57,CHCHD3
58,NDUFA4
59,PIGY
60,TEKT4
61,ATRIP
62,NDUFS1
63,PRRC2A
64,DYDC2
65,BCL2
66,ATF6
67,CCDC144A
68,METTL3
69,GMPS
70,CCDC90B
71,URM1
72,MBTD1
73,EXOC2
74,MRPS33
75,C18orf21
76,TMEM261
77,LETM1
78,USP9X
79,RBMXL1
80,LSM11
81,MORN2
82,UBE2G2
83,TAS2R10
84,C14orf80
85,UGT2B15
86,FANCL
87,TSR1
88,DSEL
89,FANCA
90,RGP1
91,ATMIN
92,INSL4
93,MANBAL
94,COPG1
95,UGCG
96,GEMIN4
97,NARS2
98,DCTN2
99,NR2C2AP
100,MIS18BP1
101,ABHD13
102,MED10
103,GLRX
104,KDM1A
105,FAM86A
106,C10orf2
107,USP7
108,NUP188
109,ITGAV
110,DNM2
111,TIPIN
112,GGTLC1
113,FLII
114,PQBP1
115,MRPL16
116,PIM3
117,METTL16
118,MRPL18
119,DDX3X
120,EXOSC5
121,THAP1
122,RNASEK
123,DPCD
124,CHTF8
125,ENDOG
126,PPP4R2
127,DCLK2
128,RDM1
129,EXOC4
130,GYPE
131,SPCS2
132,TRA2A
133,ADCK2
134,HBE1
135,DCLRE1B
136,CSTA
137,KANSL1
138,ZNF705D
139,PPAP2C
140,XPO5
141,ZNF574
142,BHLHE22
143,GAK
144,HSD17B10
145,ZBTB41
146,MATR3
147,SSBP3
148,MZT2A
149,CAND1
150,COG7
151,TBCA
152,MEIS3
153,FIS1
154,CPSF6
155,CCNT2
156,RIPK3
157,PPP1CA
158,SAE1
159,DCTN1
160,KLRC2
161,WFDC13
162,MRPL37
163,CPSF4
164,SOCS5
165,NXT1
166,FAM86C1
167,MRPL49
168,FASTKD5
169,XRCC1
170,RER1
171,WDR83
172,IMPDH2
173,MRPL2
174,MRPL35
175,EEF1G
176,MPRIP
177,RNF8
178,RASA4
179,FAM133B
180,DYNLL1
181,COX19
182,MAD2L1BP
183,RPAP2
184,RANBP3
185,MED26
186,ZNHIT2
187,ELAC2
188,ITPK1
189,UPK3BL
190,CTU2
191,DBF4
192,SLC39A7
193,HCCS
194,SLC41A2
195,CDAN1
196,AP1G1
197,PAIP1
198,GTF3C3
199,FAM156A
200,SPANXD
201,TRIM37
202,WRAP53
203,NUP98
204,WDR55
205,AVPR1A
206,SHOC2
207,PIWIL2
208,MTAP
209,ZBTB17
210,WDR26
211,NMT1
212,AHCYL1
213,NIPBL
214,SLC25A5
215,WDR46
216,NDC1
217,NSMCE1
218,SMARCB1
219,NDUFB2
220,ISY1-RAB43
221,PCDH10
222,CXorf40A
223,YIPF5
224,DPY30
225,PDE12
226,TOR1AIP2
227,CBWD3
228,ARMCX1
229,SCAF1
230,XAGE3
231,ILF3
232,FEN1
233,FAM35A
234,ZNF479
235,ZZZ3
236,CCDC140
237,C12orf75
238,PAPPA
239,RRP7A
240,CNOT2
241,RILP
242,RPIA
243,ATP5B
244,CHD4
245,MPP3
246,MTERFD3
247,FAU
248,IER3IP1
249,LAMB4
250,NPL
251,CALML6
252,RERE
253,DCTN3
254,PABPC1
255,FNTA
256,IPO11
257,SLC25A51
258,RBM8A
259,HMGB1
260,PIK3CB
261,DDRGK1
262,OSTC
263,C19orf82
264,ELOF1
265,PHF21A
266,ZNF585A
267,ARID4B
268,NAE1
269,ACTR3B
270,DRAP1
271,PLAC9
272,GTF2H1
273,SHQ1
274,GMNN
275,TEAD4
276,RMND1
277,SLC34A2
278,TMEM236
279,SOD2
280,MRPL36
281,E4F1
282,TRMT10C
283,GABARAP
284,TFB2M
285,LRRC52
286,SREK1
287,NDUFB7
288,SOX2
289,HNRNPR
290,GNL3L
291,UEVLD
292,INTS8
293,PLA2G7
294,PCM1
295,ZNF622
296,ZNHIT1
297,EIF4G1
298,ATAD3A
299,MAD2L2
300,MRPL47
301,WWTR1
302,USP15
303,HSP90AB1
304,HIBCH
305,HMGCS1
306,ANKRA2
307,NOL11
308,DNM1L
309,FAM25A
310,MRPL27
311,SNRNP25
312,VPS29
313,TAF1D
314,NDUFA13
315,KIAA1432
316,NT5C3A
317,DDI2
318,CARS2
319,COX17
320,NRBP1
321,CAPZA2
322,SCD
323,FAM214A
324,ZNF578
325,OLR1
326,C9orf78
327,TIMM13
328,ARL11
329,HNRNPCL1
330,VPS13D
331,UQCRFS1
332,GABPB1
333,FURIN
334,CRIPT
335,DDX39B
336,MRPL42
337,TBP
338,BUD31
339,CPD
340,USP1
341,DCAF15
342,ERF
343,DNAJC9
344,COPS3
345,DSCC1
346,BTAF1
347,CCDC6
348,IFNGR1
349,ZNF285
350,MCL1
351,MAGEA12
352,TMEM14B
353,TSPAN31
354,CITED2
355,PPP1R10
356,XPOT
357,CHCHD7
358,XPO1
359,GCN1L1
360,MYRF
361,ECT2
362,RRP15
363,COMMD4
364,ATP1B3
365,VGLL3
366,TAF1B
367,PPP2R2A
368,IRS2
369,MYBBP1A
370,RNMTL1
371,PCDHGA1
372,TAS2R19
373,RTCB
374,COA5
375,CKS2
376,MRPL23
377,SKAP2
378,TYMS
379,EPC1
380,ARL14EPL
381,DPM2
382,ZNF844
383,RNF123
384,OSGEP
385,NCAPD3
386,ERCC1
387,RNF168
388,UFSP2
389,KNTC1
390,USP36
391,CCZ1B
392,ATF4
393,KIAA1279
394,BUD13
395,CNOT7
396,ATP6V1C1
397,MTHFD1
398,RALBP1
399,CNOT1
400,TRAPPC13
401,PPCS
402,COX6B1
403,HSP90AA1
404,APEX2
405,CYP3A43
406,NCK1
407,FCGR1A
408,SAP130
409,PCMTD2
410,MANF
411,UBE2S
412,FAM200B
413,NOP10
414,CMTR2
415,FUNDC1
416,THAP3
417,TMEM184C
418,NELFE
419,CEP192
420,ANKRD34B
421,COX20
422,AKTIP
423,MDGA2
424,PPT2
425,ZNF730
426,KRTAP19-6
427,ANKRD49
428,ATP5J
429,RICTOR
430,RABL2A
431,DIMT1
432,SCARB2
433,SLC10A7
434,C7orf55-LUC7L2
435,MMP10
436,NBPF4
437,HSP90B1
438,OLFML1
439,UGT2A3
440,HIGD1A
441,NGDN
442,SLC39A10
443,CLPB
444,KRTAP5-7
445,RCN1
446,SUMO1
447,AMY1B
448,RPRD1B
449,RRAGA
450,PNPLA8
451,MAGED4
452,BNIP3
453,DDX11
454,AMY2B
455,MOGAT1
456,PFAS
457,USE1
458,ENAH
459,DDX19A
460,ABI3BP
461,UTP14A
462,KIAA2013
463,OSBPL1A
464,PIGC
465,BMI1
466,DCLRE1A
467,PFKM
468,CHDC2
469,PLRG1
470,VPS26A
471,MPZL3
472,CLDND2
473,SLFN12L
474,TAF1A
475,NDUFS5
476,NOTCH2NL
477,ARHGAP21
478,NDUFV1
479,SARNP
480,TDGF1
481,BAK1
482,UBC
483,TTF1
484,RHBDF1
485,ARPP19
486,KLB
487,PA2G4
488,PRCC
489,UTP23
490,TRIP13
491,NUDT16L1
492,METTL7A
493,SPEF2
494,OCIAD1
495,PI4KB
496,DNAJC17
497,ATP6V1G1
498,PTP4A1
499,RAP1B
500,TRMT5
501,DCTN4
502,CENPH
503,CCDC58
504,COQ2
505,SNAP23
506,TSEN54
507,TAX1BP3
508,LAGE3
509,PCYOX1L
510,NOC4L
511,SLIRP
512,RAVER2
513,SIGLEC11
514,GET4
515,MRPL22
516,FNTB
517,KLF6
518,PRPF4B
519,HSBP1
520,MRP63
521,EIF3CL
522,TUBB8
523,NDRG3
524,MYL12A
525,CEPT1
526,PELP1
527,LIN9
528,STXBP3
529,GCSH
530,HNRNPF
531,RFPL4AL1
532,DDOST
533,IGF2BP1
534,RPS19BP1
535,IKBKAP
536,CFL1
537,THAP11
538,IDI1
539,COBLL1
540,FAM136A
541,COG4
542,FAM83D
543,CD8B
544,IGLON5
545,LIMS3L
546,INTS1
547,PLA2G10
548,EXOC3
549,GEN1
550,TBCC
551,CUL2
552,ZFYVE20
553,ZRSR2
554,PTMS
555,SNRNP48
556,KRTAP12-4
557,PTDSS1
558,MTOR
559,LILRA6
560,PIM1
561,ITGA2B
562,C10orf82
563,WBP4
564,SELK
565,PHF3
566,ADAMTSL4
567,MED29
568,DICER1
569,MTIF2
570,POU5F1B
571,SRP9
572,IFT88
573,PNPT1
574,NACA
575,UBE2T
576,GSK3B
577,PERP
578,ACO2
579,USP12
580,PITRM1
581,KIF14
582,HIGD2A
583,TNPO1
584,SKA2
585,WDR7
586,OLA1
587,BRD2
588,BEX2
589,METTL1
590,LRIF1
591,MRPL40
592,TGS1
593,VPS4B
594,PPIAL4G
595,PDPK1
596,BRAT1
597,IREB2
598,TLN1
599,PRAC1
600,NDUFAF4
601,CENPF
602,DIDO1
603,CCDC38
604,CDK4
605,NUP62
606,KLF16
607,TDP2
608,ADHFE1
609,PPM1D
610,TMA16
611,LARP7
612,KRTAP4-8
613,ISG20L2
614,ZNF564
615,ZNF501
616,STRA13
617,PPP3CB
618,NUCKS1
619,ACLY
620,CDC37
621,COQ3
622,NSFL1C
623,PPIL1
624,C1orf27
625,SMG6
626,C1orf131
627,NDUFA6
628,PTCD3
629,IGSF3
630,PMCH
631,ZNF486
632,DNAJC11
633,NELFCD
634,MARS2
635,UBAP1
636,INTS3
637,MRPL46
638,BAG4
639,CEP97
640,LAMTOR3
641,AATF
642,MAGEA9B
643,ATP5O
644,RNF19A
645,SCARF1
646,C1orf234
647,RP9
648,ESCO2
649,SLC30A9
650,CSDE1
651,MED1
652,TIMMDC1
653,NCKAP5L
654,TAGLN2
655,WDR74
656,AKAP3
657,SPATA5
658,TM4SF18
659,NCAPG2
660,TMEM242
661,POTEJ
662,XRCC6BP1
663,MRPL32
664,MAT2A
665,COMMD3
666,RGPD2
667,RBMX2
668,TTI1
669,EMC2
670,EMC4
671,XRCC5
672,TYRO3
673,NKAIN2
674,ETV6
675,CNGA1
676,MUM1L1
677,NXF2
678,CCDC115
679,CDC26
680,PPAN
681,IPCEF1
682,TUBB2B
683,ZC3H3
684,RAD52
685,RPUSD4
686,PALM2-AKAP2
687,MTPAP
688,NSMCE4A
689,ZNF98
690,ADAR
691,ACTR8
692,NDUFB1
693,ARFRP1
694,FBXO25
695,MAP1LC3B
696,GATAD1
697,EIF4B
698,NDUFC2
699,MARCH5
700,UROS
701,ATP6V1D
702,HEPN1
703,ADSL
704,KMT2D
705,ING3
706,IPPK
707,GATS
708,AURKA
709,CFH
710,ACSL4
711,EMC1
712,MRPL24
713,PPP2R3C
714,CMC1
715,HIRA
716,EXOC8
717,RCL1
718,API5
719,ZRANB2
720,UBE2M
721,ANKRD65
722,OXA1L
723,TTI2
724,URB1
725,PDC
726,FANCF
727,ANKRD11
728,IFIT2
729,VPS41
730,NCOA4
731,LRRC39
732,VCX2
733,FLRT1
734,MAEA
735,RPL26L1
736,STYX
737,EHMT2
738,ACTG1
739,NDUFS7
740,CMIP
741,ORC2
742,TTC37
743,C3orf27
744,OCM2
745,C5orf15
746,YPEL5
747,WRB
748,WASL
749,CCDC69
750,AHCTF1
751,EP400
752,CLCN3
753,CEP55
754,ZNF780A
755,PKM
756,WDR24
757,EXOC7
758,GOSR2
759,ITGB1
760,ATP2C1
761,NUP88
762,AMD1
763,NAF1
764,NDUFAF7
765,UFM1
766,PTAR1
767,NRD1
768,WDR25
769,NOL12
770,OIP5
771,CDK12
772,ZNF85
773,ZNF143
774,ABCA13
775,MRPS14
776,METTL5
777,AMY2A
778,PGS1
779,ZDHHC3
780,KRTAP21-1
781,CCDC9
782,NCDN
783,POC1A
784,SLC25A3
785,RBBP5
786,TOE1
787,CEBPZ
788,ATP6AP1
789,KPNA2
790,SCGB1C1
791,MKLN1
792,PSMF1
793,C11orf83
794,TOMM70A
795,RPAP3
796,R3HDM1
797,RNF219
798,EIF1AY
799,DPPA3
800,C11orf57
801,GFER
802,ASNA1
803,PEAR1
804,COMMD5
805,RBM12
806,MPP6
807,ZWINT
808,ORC3
809,THOC6
810,NUMA1
811,VPS16
812,VDAC2
813,TBL3
814,TMEM258
815,SLC9B1
816,SAR1A
817,GLMN
818,LCE2B
819,MORF4L1
820,RPS6KA6
821,HSPA5
822,ATP13A1
823,ATP5G2
824,COG6
825,NFS1
826,SREK1IP1
827,MLST8
828,FAM177A1
829,ADSS
830,DNAJA3
831,DHX30
832,CDK2
833,DHX38
834,AGL
835,HS6ST1
836,CDH24
837,AGR3
838,C4orf27
839,ALKBH8
840,HSPA8
841,SETDB1
842,TNFSF4
843,SDHC
844,TRIM8
845,LARP4
846,NDUFA5
847,RNF103-CHMP3
848,LRRC37A3
849,TBC1D28
850,CCNB1
851,EMC3
852,C13orf45
853,PRAMEF5
854,RWDD4
855,YME1L1
856,PPP1R2
857,BANK1
858,COX6A1
859,CAPZB
860,XRCC3
861,ALKBH3
862,LDHAL6B
863,TAF12
864,KRTAP5-8
865,GUCA1C
866,RNPC3
867,CUL3
868,C10orf107
869,BRD7
870,MED15
871,ARL14EP
872,GOT2
873,UBE3B
874,KIDINS220
875,HAUS8
876,GEMIN5
877,JPH1
878,TPI1
879,ASUN
880,EFHD2
881,PRDM16
882,RTTN
883,TRUB2
884,TIMM22
885,NOP9
886,EFTUD1
887,MRPL53
888,GTSE1
889,ALG10B
890,KBTBD2
891,TDG
892,MDM2
893,PTPMT1
894,OSBP
895,MRPL48
896,FMO3
897,PPL
898,MPHOSPH6
899,BNIP1
900,TEN1
901,RPS6KB1
902,E2F6
903,GNL2
904,CFDP1
905,MRPL13
906,AHCY
907,PIM2
908,CCDC102B
909,BET1
910,ITGB7
911,SNRNP35
912,SYNCRIP
913,UFC1
914,HSF1
915,DGCR8
916,STARD7
917,CFLAR
918,DNAL4
919,COMMD8
920,CMC2
921,GPN3
922,COX4I1
923,FBXO11
924,N4BP2
925,TEX10
926,BTF3
927,TMEM183A
928,LGSN
929,ZNF614
930,EAPP
931,PPP1R12A
932,ACTR1A
933,GINS3
934,CCDC158
935,MBOAT1
936,CDS2
937,DYRK1A
938,ANO3
939,ZNF593
940,HK2
941,INHBE
942,WDR1
943,YWHAZ
944,TMEM199
945,SSSCA1
946,CENPI
947,NDUFS3
948,C16orf72
949,RPL36AL
950,SUZ12
951,CXADR
952,GPR34
953,ISCA2
954,FAM98B
955,ENY2
956,SMS
957,CEP44
958,SBNO1
959,LSM10
960,GTF2I
961,RPRD2
962,ALG1
963,ZC3H8
964,CYB5R4
965,KLHL11
966,FAM184A
967,NUP85
968,MRPS27
969,CTU1
970,SETD2
971,MRPS30
972,TMEM167A
973,NUPL2
974,FBLIM1
975,LARP1B
976,DIAPH3
977,CMTR1
978,ZNF630
979,MTRR
980,TCEB3
981,HEATR3
982,TRIM61
983,PROS1
984,ACACA
985,PTK2
986,GPR89B
987,KAT2A
988,ZNF830
989,NUP107
990,MVD
991,SAMD9L
992,SARS2
993,RAB28
994,C5orf48
995,NIT2
996,DEFB128
997,FGFR1
998,KAT6A
999,SRF
1000,LENG1
1001,SEC16A
1002,NFRKB
1003,PCDHGB1
1004,EXOC1
1005,CMPK1
1006,ILDR2
1007,SLC25A33
1008,GFM2
1009,ATP5C1
1010,OTUD5
1011,ZBTB2
1012,C1QBP
1013,UTP18
1014,RBM19
1015,BUB1
1016,ATIC
1017,RBM7
1018,GIT1
1019,PGBD3
1020,USP37
1021,EIF1AD
1022,EIF5AL1
1023,NAMPT
1024,BCCIP
1025,SF3B1
1026,FNBP4
1027,SNAPIN
1028,GPS1
1029,ERI1
1030,ATRX
1031,PSG4
1032,HAUS2
1033,USP14
1034,IK
1035,NHLRC3
1036,COQ4
1037,FAM104B
1038,ISG15
1039,INTS7
1040,MOB1A
1041,DIS3L2
1042,TMEM11
1043,DNAJC30
1044,BUB1B
1045,NFE2L3
1046,LIG3
1047,RPP21
1048,ABCA12
1049,PHF12
1050,TTC4
1051,ZNF236
1052,LAMA3
1053,DPAGT1
1054,CLTA
1055,CHCHD4
1056,PDPR
1057,MAGED4B
1058,PIN4
1059,PNISR
1060,DMXL2
1061,BARD1
1062,SKA1
1063,NOSIP
1064,MRPL38
1065,PREPL
1066,CAPRIN1
1067,PDCL3
1068,SNX16
1069,PIK3R4
1070,RMI1
1071,KRTAP5-3
1072,MRPL52
1073,MLLT4
1074,GLRX5
1075,ALG14
1076,PPIA
1077,CRLS1
1078,CXCL11
1079,MCM4
1080,ATL1
1081,MRPL15
1082,SEC11A
1083,GINM1
1084,ASIC1
1085,AGO3
1086,TOMM6
1087,TAF8
1088,FECH
1089,CEP63
1090,STUB1
1091,UBE2H
1092,COX5A
1093,MTRF1L
1094,MRPL10
1095,HSPA13
1096,PPP2R1A
1097,DLST
1098,DHPS
1099,ZSCAN10
1100,ZNF658
1101,USP5
1102,RCOR1
1103,ADRM1
1104,ARL4A
1105,JMJD6
1106,ABCA4
1107,CACYBP
1108,LIG1
1109,MT1H
1110,ZNF823
1111,CXXC1
1112,ZNF559
1113,WNT6
1114,RPRD1A
1115,NOC3L
1116,NDUFB10
1117,CYP39A1
1118,UGT1A5
1119,TPT1
1120,MED9
1121,TRAPPC2L
1122,C12orf45
1123,POLG
1124,MED21
1125,GPI
1126,PRR13
1127,C11orf74
1128,AKAP9
1129,EGR2
1130,MAGOH
1131,COX5B
1132,LPCAT3
1133,FAM69A
1134,NELFB
1135,KRTAP5-1
1136,PPP1R8
1137,CPOX
1138,ZNF431
1139,METTL21B
1140,ECSIT
1141,NDUFA1
1142,MCM10
1143,VMA21
1144,MRPL54
1145,URI1
1146,HSF2
1147,CDH11
1148,CBX3
1149,ENO1
1150,HORMAD2
1151,GNAQ
1152,TMEM126B
1153,TBCB
1154,PRMT5
1155,PDCD6IP
1156,PCF11
1157,EBLN1
1158,YTHDC1
1159,WDHD1
1160,PCNP
1161,CSTF1
1162,ARL2BP
1163,MTRF1
1164,MTERFD1
1165,BCS1L
1166,MBTPS2
1167,C1orf105
1168,DRD5
1169,KRTAP5-5
1170,TADA2A
1171,CYC1
1172,BRPF3
1173,COG2
1174,CD3D
1175,ARF4
1176,NELFA
1177,NDUFS2
1178,YAP1
1179,GCNT3
1180,VHL
1181,POLR3E
1182,SPCS1
1183,PHF10
1184,PAXBP1
1185,MRPS22
1186,GUK1
1187,ZNF320
1188,TNNC2
1189,TUFM
1190,PRDM10
1191,TRPM7
1192,TAF5
1193,IPO9
1194,TEX19
1195,COG1
1196,HUS1
1197,MTG2
1198,KIF3A
1199,PTTG2
1200,DDX6
1201,SRPRB
1202,MRPL55
1203,AK2
1204,VPS54
1205,CENPQ
1206,DUSP12
1207,MS4A7
1208,SLC25A41
1209,STAG2
1210,NUP50
1211,PCDH11X
1212,ZNF441
1213,CYP27B1
1214,MRPL21
1215,SYT15
1216,VEZT
1217,TIMM17A
1218,GBP5
1219,DET1
1220,RCN2
1221,CCDC59
1222,EDF1
1223,ADCY2
1224,RSRC2
1225,EBNA1BP2
1226,MNT
1227,ATP5D
1228,COX7C
1229,TCEAL7
1230,C1orf86
1231,DCUN1D1
1232,SEPHS2
1233,MST1
1234,MED18
1235,UQCRC1
1236,KRT8
1237,GON4L
1238,ARF6
1239,ANGPT1
1240,AHNAK
1241,PRDX2
1242,MAPRE1
1243,UBQLN4
1244,TINF2
1245,NACA2
1246,EIF4G2
1247,COIL
1248,TAF13
1249,CHMP3
1250,MAP2K4
1251,HLA-B
1252,TAF4
1253,NFYB
1254,GAGE12H
1255,TRA2B
1256,ZNF605
1257,HBS1L
1258,CCAR1
1259,DDX28
1260,AVIL
1261,THG1L
1262,ALOX5
1263,IST1
1264,PGAM1
1265,RIT1
1266,KCNH5
1267,CRKL
1268,MBD3L3
1269,DEAF1
1270,MRPS18A
1271,PARP11
1272,BTBD10
1273,TRNAU1AP
1274,DNMT1
1275,FCER1A
1276,STIL
1277,CENPA
1278,FAM210A
1279,TBK1
1280,TMEM230
1281,ZDHHC18
1282,FAM167A
1283,DHX40
1284,ZEB2
1285,LY75-CD302
1286,C7orf34
1287,TFAM
1288,ZFC3H1
1289,PRADC1
1290,ZNHIT3
1291,DHFR
1292,ORC4
1293,MRPL28
1294,DAP
1295,NT5C1B-RDH14
1296,KRT81
1297,MMS22L
1298,SLC2A1
1299,CEACAM6
1300,IMMT
1301,SAT2
1302,TRIAP1
1303,ZCCHC9
1304,ERCC6-PGBD3
1305,GNA13
1306,ZNF181
1307,NDUFS8
1308,CSTF2
1309,GTF2H2
1310,KDSR
1311,CDIPT
1312,YIPF3
1313,AKAP17A
1314,HSPA14
1315,FBXW11
1316,ATP5A1
1317,SUCLG1
1318,IL9R
1319,MAGOHB
1320,RRP36
1321,C8orf33
1322,DDX42
1323,RAD50
1324,AASDHPPT
1325,LRMP
1326,LIMS3
1327,UQCRH
1328,DDX5
1329,MRPS16
1330,PLGLB2
1331,MRPS5
1332,NDUFC1
1333,MRPL33
1334,SSX2
1335,UTP3
1336,THRSP
1337,TMED10
1338,NFYC
1339,NUP43
1340,INTS5
1341,DHX35
1342,PIK3CA
1343,MAU2
1344,ACSL3
1345,PRKAG1
1346,SEPW1
1347,RPP30
1348,NAA30
1349,PNKP
1350,RLIM
1351,LTA4H
1352,SKA3
1353,A1CF
1354,EIF3M
1355,CXorf61
1356,ELP3
1357,UBA5
1358,STX18
1359,EIF3E
1360,BRAP
1361,TBL1XR1
1362,TRIM11
1363,DNAJA1
1364,NR1H4
1365,ZWILCH
1366,DNAJB11
1367,CIR1
1368,PPP2R4
1369,SMIM6
1370,REEP2
1371,CAD
1372,DDX52
1373,FAM72D
1374,CDK7
1375,HPCAL1
1376,MBTPS1
1377,NOLC1
1378,SNTA1
1379,CWF19L2
1380,COMMD2
1381,LCE2A
1382,RBM10
1383,DGCR6
1384,LDHA
1385,LCMT1
1386,PDCD2
1387,FAM178A
1388,CIT
1389,DAXX
1390,RAB10
1391,PMPCA
1392,ANLN
1393,PGGT1B
1394,CXCL2
1395,QRSL1
1396,NUBP2
1397,MRTO4
1398,CHMP5
1399,WNK1
1400,CAMK2B
1401,SPTLC1
1402,CAB39
1403,CCP110
1404,MAGEB5
1405,HMGCR
1406,VBP1
1407,TIPARP
1408,RQCD1
1409,MAPK1
1410,CROCC
1411,HEATR6
1412,CSNK2A1
1413,MRPL14
1414,NIPA2
1415,CCDC107
1416,REPS1
1417,USP8
1418,STRADB
1419,FKBP1A
1420,MYSM1
1421,SERBP1
1422,C19orf52
1423,KIF20A
1424,WAC
1425,BOLA3
1426,SNX14
1427,LPAR1
1428,SURF6
1429,L3MBTL3
1430,IPO7
1431,ZNF569
1432,RAD51D
1433,ZBTB11
1434,LARP1
1435,OTUD6B
1436,ELP5
1437,SUMO2
1438,WDR73
1439,BLM
1440,MED12
1441,FAM175A
1442,SPIC
1443,SUB1
1444,DHX33
1445,EEFSEC
1446,WTAP
1447,SFR1
1448,POLE3
1449,REST
1450,CCNC
1451,NDUFB5
1452,MCRS1
1453,GEMIN8
1454,TRMT61A
1455,TIMM44
1456,BORA
1457,L3MBTL1
1458,ACSM1
1459,SEL1L
1460,BDP1
1461,PRDX3
1462,PRKRA
1463,ICT1
1464,KIAA1731
1465,CBLL1
1466,TRMT6
1467,PCDHA2
1468,KCNJ9
1469,CCDC84
1470,SUGP1
1471,DEXI
1472,CCDC86
1473,DAP3
1474,BIVM
1475,UBE2F
1476,PWP1
1477,CCDC12
1478,NDUFA8
1479,LOC101059918
1480,DPH6
1481,ORC1
1482,GRB2
1483,TCEAL3
1484,FASN
1485,ARHGAP11A
1486,TEFM
1487,MINOS1
1488,PCYT1A
1489,UQCRQ
1490,APIP
1491,INO80B
1492,RNF34
1493,GTF2H4
1494,GGTLC2
1495,CENPJ
1496,ELP6
1497,NPAT
1498,KDM8
1499,LSM12
1500,RFT1
1501,DDX24
1502,C2orf76
1503,ESF1
1504,ZNF705G
1505,SMG1
1506,BMPR1A
1507,RBM4
1508,TMA7
1509,CHCHD1
1510,MYO1G
1511,FANCD2
1512,FAM50A
1513,RNASEH2A
1514,CCDC181
1515,PAICS
1516,ICAM5
1517,EDC4
1518,DOHH
1519,KERA
1520,RPAIN
1521,NDUFB9
1522,CLSPN
1523,RCC2
1524,POU5F1
1525,XRCC4
1526,STAMBP
1527,ARHGEF35
1528,FEM1B
1529,PAF1
1530,FANCI
1531,RNF216
1532,C1D
1533,RWDD2A
1534,KRTAP4-6
1535,CCDC132
1536,XPR1
1537,ACIN1
1538,RAD51B
1539,CRCP
1540,CXorf56
1541,NHLRC2
1542,CHCHD2
1543,SPANXN3
1544,EMC7
1545,MIOS
1546,FOXM1
1547,MT1A
1548,RSPH9
1549,PI4KA
1550,PRKRIP1
1551,C11orf73
1552,NAA25
1553,TAF11
1554,WDR92
1555,MCPH1
1556,FKBPL
1557,CTR9
1558,CIAPIN1
1559,XCL1
1560,BRCA2
1561,KCTD10
1562,SLC33A1
1563,ATAD2
1564,ZC3H10
1565,BRD8
1566,CHMP6
1567,UCHL5
1568,COX7B
1569,ZNF492
1570,FERMT2
1571,CNPY2
1572,NOM1
1573,SLIT2
1574,KRTAP4-9
1575,CLASRP
1576,PRPF39
1577,FANCM
1578,RPL39L
1579,UQCRC2
1580,GLE1
1581,MSTO1
1582,VPS37A
1583,SPRTN
1584,PDCL
1585,ZNF335
1586,METAP2
1587,ANGPTL5
1588,WBSCR16
1589,MSH3
1590,USP30
1591,MRPL43
1592,RHOT1
1593,SMARCA5
1594,VPS35
1595,MRPS25
1596,FAR2
1597,ATL2
1598,DOLK
1599,GZMA
1600,PREX1
1601,UBA6
1602,MRGPRX3
1603,GNB1L
1604,PSG2
1605,RPL28
1606,MDM4
1607,ARPC4
1608,SPDYE1
1609,HSCB
1610,RPN1
1611,ATP2B4
1612,KCNH2
1613,C16orf80
1614,PYURF
1615,RAB7A
1616,NGLY1
1617,GTF2F1
1618,MRPS26
1619,HNRNPA1L2
1620,EIF4H
1621,KCNRG
1622,RAB1A
1623,CNOT3
1624,WAPAL
1625,DR1
1626,GFM1
1627,TCOF1
1628,CYLD
1629,BCL2L1
1630,NAA35
1631,PPP1R11
1632,MCMBP
1633,TIGD4
1634,TDO2
1635,AP1S2
1636,NDUFB4
1637,ZNF141
1638,KAT7
1639,TMEM41B
1640,WARS2
1641,SGOL2
1642,MRPL41
1643,NOX5
1644,TFRC
1645,BRPF1
1646,METTL18
1647,BOD1L1
1648,SPATS1
1649,MRPS18C
1650,DIS3
1651,BPGM
1652,SEC62
1653,RFPL2
1654,OGDH
1655,MRPL3
1656,PLA2R1
1657,APPL2
1658,FBXO42
1659,SETDB2
1660,TARS2
1661,RAD9B
1662,ANAPC10
1663,SMARCA4
1664,UBE2D4
1665,ZNF69
1666,NDUFA11
1667,HUWE1
1668,ANKRD36
1669,IRF2
1670,MRPL11
1671,ISCA1
1672,PPAN-P2RY11
1673,RANBP9
1674,CCDC173
1675,SPRR1B
1676,GFPT1
1677,FAHD2B
1678,UBE2L3
1679,SOCS3
1680,CYCS
1681,NMNAT1
1682,NDUFA10
1683,LYRM5
1684,GTF2H3
1685,MRPL9
1686,CCDC174
1687,CCDC82
1688,EBPL
1689,ENHO
1690,CTNNBIP1
1691,TSFM
1692,PPHLN1
1693,SAFB
1694,C20orf196
1695,RBM39
1696,UTP11L
1697,POTEI
1698,NFU1
1699,EFR3A
1700,RPE
1701,ATP6AP2
1702,BAZ1B
1703,BRCA1
1704,FAM91A1
1705,KDM2A
1706,MRGBP
1707,E2F7
1708,TAZ
1709,LYPLA1
1710,RNMT
1711,VPS53
1712,GTF2IRD2B
1713,ELP2
1714,UQCR10
1715,DNAJB6
1716,PFDN5
1717,SCYL1
1718,KHDRBS1
1719,SNAPC4
1720,PGK1
1721,CUL1
1722,TRRAP
1723,SEPSECS
1724,UBE2K
1725,DNAJC8
1726,SASS6
1727,STAG1
1728,CPSF1
1729,ATAD5
1730,REXO2
1731,ACTR3
1732,LSM14A
1733,LIN54
1734,FZR1
1735,IDH3A
1736,NUDCD3
1737,PSMG1
1738,GTF2H2C
1739,GRPEL2
1740,ADH5
1741,ALG5
1742,ELOVL4
1743,IFITM3
1744,MYH9
1745,SEH1L
1746,FAM96A
1747,SLC38A2
1748,ASAH1
1749,ARHGAP24
1750,MRPS15
1751,HAGH
1752,ERGIC2
1753,ZNF710
1754,NOP2
1755,HSD17B12
1756,HNRNPA2B1
1757,APITD1-CORT
1758,RPF1
1759,BCAN
1760,CORT
1761,VTI1B
1762,RRP12
1763,RPTOR
1764,PPP2CA
1765,TFDP1
1766,GLTSCR2
1767,USP18
1768,POTEF
1769,KLRC4
1770,GTF2A1
1771,THAP5
1772,RBL1
1773,EIF3K
1774,ATP6V1F
1775,NDUFB8
1776,NPM1
1777,NOL7
1778,PET112
1779,FAM133A
1780,CTAG1B
1781,TTC19
1782,DNAJC19
1783,STK3
1784,ATP6V0B
1785,DIEXF
1786,ANP32B
1787,MLLT10
1788,SRRM2
1789,KMT2A
1790,POLRMT
1791,VDAC1
1792,ANXA3
1793,AMBRA1
1794,CDC25A
1795,POLR2M
1796,YPEL1
1797,DPP4
1798,LOC729574
1799,MRPL20
1800,AMTN
1801,NUP35
1802,COG5
1803,TTC39B
1804,GPR61
1805,NCAPH
1806,KLF17
1807,NDUFA9
1808,GOLGA8M
1809,BCL10
1810,YWHAE
1811,RPP25L
1812,KCMF1
1813,MRPL51
1814,TSC22D2
1815,FABP5
1816,ZCRB1
1817,GNGT1
1818,GPR89A
1819,EXOC5
1820,POU2F1
1821,YTHDF2
1822,ATP1A1
1823,FLI1
1824,FDXR
1825,PTRH2
1826,ASPM
1827,ADAT2
1828,ZNF212
1829,CDCA5
1830,SKP2
1831,SRRM1
1832,SPG21
1833,MRPL34
1834,DEFB125
1835,VPS18
1836,CELSR2
1837,EIF3L
1838,WBP5
1839,SEC61A1
1840,HMGCLL1
1841,G6PD
1842,AKR1C4
1843,WDR44
1844,SEC63
1845,METTL15
1846,HMGA1
1847,SPAG5
1848,NRBF2
1849,TSEN34
1850,CSNK2B
1851,TVP23C-CDRT4
1852,ARMC10
1853,RGPD1
1854,GTF3A
1855,UFL1
1856,LYRM2
1857,NOL8
1858,MRPS11
1859,USP17L10
1860,MRPS9
1861,ARPC1A
1862,TMEM71
1863,TIMM23
1864,HNRNPH3
1865,SMG7
1866,PARL
1867,TAF6
1868,HAUS6
1869,CERS2
1870,NDUFAF6
1871,SLC25A26
1872,NDUFC2-KCTD14
1873,C6orf89
1874,NASP
1875,DPF2
1876,CD48
1877,SGCD
1878,NSMCE2
1879,WDR48
1880,RFWD3
1881,SFTA2
1882,UBA3
1883,GOLGA6B
1884,GOLGA6A
1885,PTPN23
1886,FCGR1B
1887,SUPT4H1
1888,PRAMEF22
1889,RANBP2
1890,VPS51
1891,GYPB
1892,PTP4A2
1893,CH25H
1894,YRDC
1895,WDR18
1896,C4orf51
1897,DNAJA4
1898,TBCD
1899,TSEN15
1900,HESX1
1901,PDS5A
1902,ABHD17A
1903,METAP1
1904,CCDC130
1905,CDADC1
1906,THRAP3
1907,AARS2
1908,SUCLA2
1909,PTTG1
1910,PHLDA2
1911,POP7
1912,HAS2
1913,PFDN1
1914,GCOM1
1915,ALG13
1916,MRPS34
1917,AIFM1
1918,TRAM1L1
1919,SMG5
1920,FAM168A
1921,OBFC1
1922,DEFB103A
1923,MRPS17
1924,NBAS
1925,DDX27
1926,BATF
1927,C17orf49
1928,WBP1
1929,MRPL45
1930,TACC3
1931,TUBD1
1932,BTBD9
1933,NDUFAB1
1934,KRTAP5-11
1935,C19orf40
1936,DCP2
1937,SERP1
1938,ILK
1939,CD86
1940,SNIP1
1941,SSX4
1942,RNF40
1943,NPHP3
1944,MPPE1
1945,VRK1
1946,SPRR2G
1947,TOMM20
1948,FPGS
1949,C14orf2
1950,USP10
1951,AP2M1
1952,COG3
1953,NDUFA3
1954,GNG5
1955,EARS2
1956,KIAA0100
1957,TTC9C
1958,LOC81691
1959,GJA1
1960,CENPO
1961,SRP68
1962,URB2
1963,CCNYL1
1964,SNF8
1965,RAB6A
1966,ASF1A
1967,RBM48
1968,TOMM22
1969,ZBTB7A
1970,FLNB
1971,ZMAT2
1972,LY96
1973,BAP1
1974,BNC1
1975,ZNF286B
1976,KIAA1524
1977,MPHOSPH8
1978,CNTN1
1979,KIF20B
1980,IGF1R
1981,MEAF6
1982,SMEK1
1983,LIMS1
1984,SMC1B
1985,TAF2
1986,PZP
1987,ADPRM
1988,TRIM28
1989,ARMC5
1990,VCY
1991,DDX1
1992,NDUFAF2
1993,PDE1A
1994,UROD
1995,VPS45
1996,NUP153
1997,NUFIP1
1998,NRAS
1999,RAD9A
2000,MRPS24
2001,ANAPC15
2002,UBE2Q2
2003,ZNF519
2004,MRPS2
2005,UNC50
2006,PHGR1
2007,RBM28
2008,CASC5
2009,LMNA
2010,ZBTB8A
2011,GPR112
2012,ATP5L2
2013,AKR1B15
2014,PRR5-ARHGAP8
2015,MED8
2016,DEFB108B
2017,SEC14L2
2018,ARL15
2019,CRCT1
2020,RFWD2
2021,ATP5F1
2022,TFPI
2023,ARF1
2024,KIFC1
2025,ARHGEF38
2026,NUCB2
2027,LGI1
2028,RBBP8
2029,PPAT
2030,RANBP1
2031,PIK3C3
2032,HMGN4
2033,PTBP1
2034,ERVW-1
2035,ORC5
2036,AAR2
2037,BRI3
2038,MED22
2039,FAM204A
2040,MOB4
2041,ACTR3C
2042,CTAGE9
2043,HYDIN
2044,BBIP1
2045,ZMAT5
2046,PPA1
2047,DSTN
2048,CLDND1
2049,PPP1R15B
2050,CWC25
2051,MRPL4
2052,MRPS35
2053,C19orf53
2054,KLHL41
2055,KCTD9
2056,NT5DC3
2057,DROSHA
2058,IFNL2
2059,CIAO1
2060,MYBL2
2061,KPNA4
2062,MIS18A
2063,SRP72
2064,EIF2B1
2065,HSPD1
2066,CEP152
2067,ZNF273
2068,WDR4
2069,WBP11
2070,MRPL50
2071,CCDC144NL
2072,MRPL17
2073,ARGLU1
2074,SNUPN
2075,LSMD1
2076,DNLZ
2077,SRP14
2078,RABGGTA
2079,GTF3C5
2080,DDA1
2081,SEC61B
2082,TAMM41
2083,ACR
2084,ARPC3
2085,LRR1
2086,CEP135
2087,MRPS10
2088,JTB
2089,COG8
2090,NDUFA2
2091,DDX55
2092,TAF1C
2093,C14orf164
2094,NFYA
2095,WSB2
2096,DENR
2097,TMEM119
2098,HYPK
2099,NCAPD2
2100,NOL4
2101,KRBOX4
2102,ASCC3
2103,GEMIN7
2104,TM9SF3
2105,ACAP2
2106,PRKRIR
2107,KRTAP9-6
2108,MNAT1
2109,LCE3D
2110,COX15
2111,AMFR
2112,RFC1
2113,MITD1
2114,FUT4
2115,CCNL1
2116,SRSF5
2117,INO80
2118,YLPM1
2119,P2RY10
2120,CENPL
2121,FAM96B
2122,PDCD5
2123,BMP8B
2124,HOXD13
2125,DHX36
2126,TAF7
2127,SRSF10
2128,MOCS3
2129,MRPL30
2130,LGALS9
2131,GTF2IRD2
2132,OGT
2133,RNF11
2134,GPR155
2135,MDH2
2136,TPX2
2137,KPNA3
2138,ATP5L
2139,SLC25A38
2140,MRPS23
2141,WDR59
2142,C9orf172
2143,TUBG2
2144,KAT5
2145,HMGN2
2146,ODF1
2147,BIRC2
2148,ZNF443
2149,NCSTN
2150,ABCB1
2151,LGALS9C
2152,SRSF6
2153,HMGN5
2154,KRT1
2155,INTS12
2156,ARL14
2157,ATXN10
2158,GEMIN6
2159,RRP1
2160,POT1
2161,HMGB3
2162,C11orf54
2163,KRTAP19-7
2164,FARS2
2165,AP3S1
2166,GHITM
2167,PDSS1
2168,TOX4
2169,EIF3J
2170,CENPP
2171,MRPS12
2172,MCTS1
2173,PLXNA1
2174,HYOU1
2175,METTL14
2176,TUBE1
2177,WDR77
2178,BLOC1S6
2179,C19orf70
2180,SSX1
2181,ALDH9A1
2182,YARS2
2183,SFSWAP
2184,DEFB114
2185,PSTK
2186,XRN1
2187,ZNHIT6
2188,BPTF
2189,SLC7A1
2190,NDUFB6
2191,RAB1B
2192,CENPT
2193,RAD51AP1
2194,PSMG2
2195,RARS2
2196,SNX19
2197,SLC25A40
2198,TTF2
2199,F8A3
2200,NCOR1
2201,NT5DC1
2202,REV3L
2203,CDCA2
2204,C10orf88
2205,PRAME
2206,TIMM8A
2207,MRPS21
2208,DIP2B
2209,SLBP
2210,DEFB4A
2211,ARHGAP11B
2212,KTI12
2213,PIP5K1A
2214,MAGEB6
2215,BRI3BP
2216,CFC1
2217,VPS36
2218,CCDC101
2219,UBE4B
2220,SCYL3
2221,LCE2C
2222,HEXIM1
2223,LCE2D
2224,MRPL39
2225,TMSB15A
2226,TAF3
2227,UBAP2L
2228,EIF4E2
2229,EXT2
2230,PTMA
2231,DSN1
2232,PIAS4
2233,MGEA5
2234,ATP6V1H
2235,N6AMT1
2236,FUT8
2237,ZNF227
2238,GPATCH1
2239,GOLT1B
2240,DDX50
2241,BTBD7
2242,LTF
2243,MT1E
2244,VCX
2245,RBM42
2246,ZNF44
2247,POM121C
2248,C1orf109
2249,NCAPH2
2250,TMEM216
2251,CHORDC1
2252,HGS
2253,IQCB1
2254,UBE2N
2255,C7orf26
2256,RASA4B
2257,KIF18A
2258,BCL2L12
2259,STX5
2260,UBR4
2261,YEATS4
2262,IL23A
2263,C10orf129
2264,AK4
2265,MRPL44
2266,ANAPC11
2267,GTF2F2
2268,TIMM50
2269,PNO1
2270,KCNMB4
2271,EXOSC1
2272,TRMT11
2273,TELO2
2274,FANCB
2275,CTC1
2276,VPS72
2277,TIPRL
2278,SPPL3
2279,ALAS2
2280,IFT81
2281,C15orf41
2282,BCL11B
2283,ZW10
2284,HAL
2285,CLTC
2286,CARM1
2287,TNP1
2288,PPP1R14B
2289,MED19
2290,HSPE1-MOB4
2291,CHMP7
2292,LPA
2293,LRPPRC
2294,GMPPB
2295,HARS
2296,PDRG1
2297,LPAR6
2298,ARID2
2299,TTC14
2300,UMPS
2301,CSH2
2302,KCTD6
2303,ZBTB8OS
2304,STRAP
2305,PPRC1
2306,GALK2
2307,LTV1
2308,FIBCD1
2309,CTNNBL1
2310,PGD
2311,MAN1A2
2312,DIRC2
2313,INTS6
2314,ASH2L
2315,KANSL3
2316,FRG2C
2317,C16orf87
2318,CCDC43
2319,TMX2
2320,RAE1
2321,SDHB
2322,SLC7A6OS
2323,PARS2
2324,MFN2
2325,FOXK1
2326,CDCA8
2327,PCDHA3
2328,ZNF484
2329,LCE5A
2330,ILF2
2331,LENG8
2332,BANP
2333,PCMTD1
2334,PTPN11
2335,REM1
2336,RNF145
2337,SDHD
2338,HDAC3
2339,MRE11A
2340,CNTNAP3B
2341,KCNC1
2342,TXNRD1
2343,TKT
2344,SSBP1
2345,RPL22L1
2346,ATP2B1
2347,UQCR11
2348,PPA2
2349,DEFB106B
2350,HMGA2
2351,LONP1
2352,SPANXN4
2353,AP3M2
2354,GDA
2355,NCF1
2356,SART1
2357,ARPC2
2358,AK3
2359,SMCHD1
2360,FAM185A
2361,NXF2B
2362,FTH1
2363,DOLPP1
2364,ACTB
2365,BTF3L4
2366,ARFGEF1
2367,TMSB4Y
2368,INTS10
2369,GRWD1
2370,CD3EAP
2371,SCAF11
2372,ZNF549
2373,NDUFB3
2374,UBR5
2375,MVK
2376,MAGEA2
2377,FAM13B
2378,SETD5
2379,ARHGEF5
2380,CD52
2381,SPANXA2
2382,SPIN2A
2383,QSOX2
2384,EXOSC9
2385,FRG1
2386,ZNF429
2387,PHC1
2388,KLHDC8A
2389,YWHAG
2390,MT1M
2391,UBE3D
2392,THUMPD2
2393,HAP1
2394,MBOAT7
2395,SUGT1
2396,ETNK1
2397,LUC7L2
2398,CLK3
2399,RAB41
2400,SLC35B4
2401,PRR23D1
2402,UGT2B28
2403,EPPIN-WFDC6
2404,CAMLG
2405,RAB21
2406,AQP12B
2407,AGTR1
2408,C2orf68
2409,DMRTC1
2410,GAREM
2411,UBE2V1
2412,TIMM9
2413,PCP4L1
2414,GTF3C1
2415,NPBWR2
2416,TADA3
2417,NAIP
2418,RNF2
2419,ALG6
2420,RABIF
2421,AGPAT5
2422,PER2
2423,NEK2
2424,CD300C
2425,TMED2
2426,PET117
2427,VOPP1
2428,ACN9
2429,TBC1D2B
2430,THOC1
2431,COMMD6
2432,DNM3
2433,KLC2
2434,DARS2
2435,ATG9A
2436,PARP15
2437,CLEC18B
2438,SIVA1
2439,ATP5J2
2440,C20orf197
2441,ZNF404
2442,EMC6
2443,PLEKHG2
2444,HRK
2445,CEACAM3
2446,RASGEF1C
2447,KLHL12
2448,MIPEP
2449,MALL
2450,TEX9
2451,ZFAND5
2452,REP15
2453,CHAF1A
2454,EPCAM
2455,RAB11A
2456,DLGAP5
2457,SCO2
2458,PCGF1
2459,LTB4R
2460,MT4
2461,KIAA1841
2462,GATA3
2463,ACADSB
2464,GGT1
2465,FCGBP
2466,PPP1R14C
2467,PF4
2468,RAP1A
2469,TFEC
2470,POGZ
2471,ZNF217
2472,MUC20
2473,ANGPTL3
2474,ARIH2
2475,TCP11X2
2476,RALGAPA1
2477,DNAJC6
2478,RHCE
2479,NEK1
2480,MLLT1
2481,ACOT2
2482,BAMBI
2483,DUSP14
2484,C17orf99
2485,ACOT9
2486,HMHB1
2487,ADAMTSL5
2488,MYH4
2489,ASCC1
2490,MBIP
2491,HAND2
2492,SOX30
2493,ITGB5
2494,HLA-A
2495,TBX1
2496,TBC1D20
2497,KIF4A
2498,PFN4
2499,ST3GAL1
2500,MLLT3
2501,ATPAF2
2502,YKT6
2503,CRYAB
2504,KIAA1429
2505,CEP120
2506,MED7
2507,DSTYK
2508,RHOG
2509,DPM3
2510,ENPP3
2511,XPNPEP3
2512,GOSR1
2513,COX18
2514,RING1
2515,NPC1L1
2516,ATP6V0E1
2517,C2orf49
2518,MED24
2519,PRRC2C
2520,WDR3
2521,MANEAL
2522,LRP8
2523,LYRM7
2524,MKRN1
2525,GIGYF2
2526,CPAMD8
2527,ISY1
2528,PDSS2
2529,KATNB1
2530,CD164
2531,BAZ2B
2532,AKIRIN2
2533,RAB43
2534,PGP
2535,SMAD4
2536,PPM1G
2537,HPR
2538,ELF2
2539,POTEE
2540,MROH6
2541,ANKRD6
2542,TRIM49D1
2543,PGC
2544,ICMT
2545,EXTL3
2546,RABL3
2547,PNMA6C
2548,ACAD9
2549,PEX1
2550,SMARCC1
2551,SYS1
2552,KCNS3
2553,ATP6AP1L
2554,RFX3
2555,CDC42
2556,XRCC2
2557,FAM166A
2558,ADIPOR1
2559,AGPAT1
2560,SRPR
2561,TCF4
2562,TPTE2
2563,RPS6KA2
2564,MAP3K13
2565,RAF1
2566,PMVK
2567,RHOXF2B
2568,IGLL1
2569,PIKFYVE
2570,KIAA0947
2571,KDM5C
2572,RALA
2573,KRT14
2574,ANKRD18A
2575,ERBB3
2576,FAM207A
2577,LAMTOR2
2578,GRAMD3
2579,UBE2Q1
2580,SELO
2581,AADACL2
2582,CLCC1
2583,MTG1
2584,ERI2
2585,KCNJ12
2586,RNF7
2587,HEATR2
2588,GLTP
2589,SURF4
2590,RBM15
2591,NME6
2592,BRD9
2593,FAM127C
2594,CCDC25
2595,MESP2
2596,SLC31A1
2597,SMG8
2598,PAIP2
2599,IRX6
2600,ZNF587
2601,DDN
2602,MORC3
2603,OTUD1
2604,UQCRB
2605,OXSM
2606,JAM2
2607,FCHO2
2608,ALK
2609,NGRN
2610,MESDC2
2611,NUAK2
2612,PIGU
2613,IL4I1
2614,TRAF2
2615,KIF1A
2616,BRWD1
2617,MT1F
2618,TPSAB1
2619,DDX41
2620,DGCR14
2621,FCGR3A
2622,GGPS1
2623,EFNA3
2624,OTUD4
2625,C12orf10
2626,VPS8
2627,TADA2B
2628,EZR
2629,ITGA11
2630,DEFB105A
2631,SLC35A1
2632,ITM2B
2633,FDFT1
2634,FBXL19
2635,ATP5SL
2636,SRC
2637,IBA57
2638,PAG1
2639,ANKRD22
2640,APBA2
2641,RPL29
2642,MED17
2643,DYNLT1
2644,TMEFF1
2645,NDUFV2
2646,TXNL4B
2647,SKIV2L
2648,RFPL4A
2649,ATAD1
2650,ELK1
2651,MPV17L2
2652,ACVRL1
2653,POLE4
2654,IRS4
2655,ERCC6L
2656,TTC7B
2657,PIGB
2658,ADAM32
2659,NDUFAF5
2660,TMEM178A
2661,MIXL1
2662,GPR176
2663,ADAMTS9
2664,DAPK3
2665,DCTN6
2666,NKAIN3
2667,PKLR
2668,RNASEH2B
2669,EWSR1
2670,PPP1R1A
2671,VARS2
2672,CTPS1
2673,ATP11B
2674,ANKRD32
2675,COQ5
2676,TRIM72
2677,TBC1D31
2678,ACKR4
2679,CCDC112
2680,FBL
2681,USP32
2682,HARS2
2683,FH
2684,ABCD3
2685,PATZ1
2686,PPP2R5E
2687,CDC25B
2688,CENPU
2689,TMEM8A
2690,MMP23B
2691,MED23
2692,RNASEH1
2693,GSAP
2694,ZNF706
2695,RPGRIP1L
2696,SCAP
2697,SMAD6
2698,AGTPBP1
2699,PBX1
2700,HCFC1R1
2701,RGCC
2702,CYP4B1
2703,S100A14
2704,SYF2
2705,RAD21
2706,TXN2
2707,CDRT15
2708,MRPS18B
2709,ERAL1
2710,C21orf2
2711,C4orf46
2712,HMGN1
2713,AQP7
2714,HNRNPA3
2715,PCGF5
2716,MAPKAPK5
2717,STARD6
2718,LRRC17
2719,CLEC18A
2720,C17orf104
2721,MMAA
2722,DCAF6
2723,TREM2
2724,PIFO
2725,KRAS
2726,RRH
2727,PIGL
2728,SMARCD1
2729,RB1CC1
2730,HS6ST2
2731,ARRB1
2732,VWA9
2733,CALCB
2734,PCBD2
2735,PARK7
2736,BRIP1
2737,HMGXB3
2738,AGAP7
2739,RHEBL1
2740,APOOL
2741,EBF2
2742,C2orf43
2743,CHD1
2744,FBXL12
2745,SLC20A1
2746,BCAP29
2747,SPECC1L
2748,FAF2
2749,BPY2C
2750,TFB1M
2751,SRPK1
2752,B3GALNT1
2753,PHOX2A
2754,SRD5A3
2755,ARID4A
2756,P4HA2
2757,ACO1
2758,SORL1
2759,FAM45A
2760,CTAGE5
2761,FTSJ2
2762,PPM1E
2763,MIIP
2764,SETD1A
2765,APC
2766,LETMD1
2767,EXOSC8
2768,PSG3
2769,ASPHD2
2770,ACVR2B
2771,NSUN4
2772,GKAP1
2773,BCAR1
2774,GATA2
2775,SH3BP5L
2776,DHCR24
2777,SMURF2
2778,PHOX2B
2779,EVI5
2780,ANKRD52
2781,ATG12
2782,BOD1L2
2783,PLA2G12A
2784,DEFA4
2785,PVRL4
2786,TMC8
2787,SYCP1
2788,EML5
2789,ATP6V0D2
2790,BRINP2
2791,F2R
2792,FAM171B
2793,SAMD4B
2794,CD5L
2795,VAMP4
2796,CALM2
2797,FTCD
2798,WDR35
2799,LMNB1
2800,DDTL
2801,MCOLN3
2802,CDKN2AIP
2803,KDELC1
2804,AP2A1
2805,NUBPL
2806,TBRG4
2807,PCDHGC3
2808,C3orf14
2809,NOA1
2810,EHMT1
2811,CEND1
2812,ELF1
2813,KIAA0391
2814,TIGD1
2815,SOS1
2816,SIGLEC8
2817,HOXC13
2818,MYCN
2819,NT5DC2
2820,CNOT6
2821,PYROXD1
2822,C11orf31
2823,HDAC2
2824,DMXL1
2825,XRN2
2826,MSH2
2827,ZC3HC1
2828,CYTH3
2829,SUPT3H
2830,GLI1
2831,TCEA1
2832,CNEP1R1
2833,SLC3A2
2834,DLK1
2835,RAB14
2836,FTHL17
2837,HGF
2838,IPP
2839,SOX11
2840,C6orf211
2841,LRIG1
2842,CHTF18
2843,KDM5A
2844,MARCH9
2845,ENPP1
2846,SCLY
2847,RAET1G
2848,PMS1
2849,FSD1L
2850,KHSRP
2851,ANKRD31
2852,RSPH10B2
2853,CHD8
2854,TGIF2
2855,UGT1A7
2856,RASD2
2857,EGFR
2858,MCIDAS
2859,SPATA31A3
2860,PHF20
2861,NONO
2862,MBD3
2863,UBE2C
2864,IFRD1
2865,TNS3
2866,COA6
2867,PKN2
2868,HSD17B7
2869,SKP1
2870,SUDS3
2871,RRAGC
2872,CCDC77
2873,NUP93
2874,ADAMDEC1
2875,CEBPD
2876,VEZF1
2877,TRIM74
2878,AUTS2
2879,DEFB105B
2880,NDOR1
2881,OSTF1
2882,TUBA3D
2883,SMC5
2884,AARD
2885,ANKRD42
2886,ALG8
2887,LAMTOR1
2888,MAP4K4
2889,PRKCA
2890,COX16
2891,TTC32
2892,TUBGCP5
2893,FBXW7
2894,TWF1
2895,LSG1
2896,KXD1
2897,HBG1
2898,C12orf42
2899,INIP
2900,FUT11
2901,PLA2G4B
2902,CAMSAP3
2903,RMI2
2904,DYRK1B
2905,ARHGAP30
2906,ZFX
2907,C22orf43
2908,SATB1
2909,LCE1C
2910,WRN
2911,HOXA9
2912,TRIP12
2913,GTPBP3
2914,NSRP1
2915,ATXN7L3
2916,MAP2K7
2917,LIN28B
2918,RARS
2919,PDCD11
2920,B4GALT7
2921,DPH1
2922,RAD17
2923,GZF1
2924,IGDCC4
2925,SCG5
2926,MED25
2927,SPAG11B
2928,CYSLTR2
2929,COX6C
2930,POM121
2931,ZFP36
2932,LHFPL4
2933,TFAP2B
2934,MRPS36
2935,SMIM17
2936,PARD6B
2937,PRR12
2938,RAD18
2939,ZC3H11A
2940,TIGD5
2941,DLD
2942,C10orf128
2943,ZMIZ1
2944,GLRX3
2945,LDHB
2946,SNAPC5
2947,EXOG
2948,FOXRED1
2949,ZFP36L2
2950,DHRSX
2951,PRCP
2952,NUPR1L
2953,CDK5R2
2954,IGF2BP2
2955,MEMO1
2956,ADAM10
2957,EZH2
2958,MAD1L1
2959,PCDHB7
2960,RAD51C
2961,EPM2AIP1
2962,DHRS7C
2963,FLNC
2964,PSG11
2965,AKR7A3
2966,LRRK2
2967,LDB1
2968,EPC2
2969,ZNF382
2970,CCDC160
2971,ATP7A
2972,TADA1
2973,C10orf95
2974,ARMC7
2975,RTEL1
2976,UBE2D3
2977,CA5A
2978,UBE2NL
2979,KIAA0020
2980,SCGB2A2
2981,KCNJ3
2982,BSPH1
2983,TBC1D9B
2984,SENP6
2985,IQCJ-SCHIP1
2986,RBFA
2987,HOXC9
2988,MRPL19
2989,SMC6
2990,MT1HL1
2991,MECR
2992,TOMM20L
2993,IMPA1
2994,BMF
2995,MSANTD2
2996,CCDC117
2997,NARG2
2998,TRIB2
2999,KEAP1
3000,TRMT10A
3001,RBM18
3002,WRAP73
3003,RHOA
3004,COX11
3005,IFNA1
3006,RAPGEF1
3007,TCEAL1
3008,SEC23IP
3009,ORM1
3010,PREX2
3011,RSU1
3012,PIH1D2
3013,MCAT
3014,COQ6
3015,PTPRD
3016,PDXP
3017,TRIM9
3018,LANCL3
3019,TMEM69
3020,GTPBP10
3021,LCE3C
3022,LACTB
3023,RNASEH2C
3024,NDUFAF3
3025,PLEKHM1
3026,AKR1C2
3027,POMZP3
3028,GPATCH2
3029,UBR1
3030,PML
3031,HTR1E
3032,BTK
3033,MIB1
3034,ISL1
3035,PURB
3036,SAP30
3037,C22orf46
3038,GRAP
3039,EED
3040,CWF19L1
3041,PRDM1
3042,PDAP1
3043,SSB
3044,CS
3045,NPEPPS
3046,CANT1
3047,NCKAP1
3048,SCAF8
3049,ARID5A
3050,PSG5
3051,CYP4X1
3052,SRRD
3053,CDRT1
3054,CKAP2L
3055,CINP
3056,ATP5G1
3057,MEIS1
3058,RBMS1
3059,DYNC1LI2
3060,RNF20
3061,CCNA2
3062,ARIH1
3063,ABHD15
3064,CABIN1
3065,GART
3066,SETD1B
3067,BRD4
3068,CACNA2D1
3069,TMEM92
3070,PCK2
3071,NOMO1
3072,C20orf112
3073,HTT
3074,NEFM
3075,COX14
3076,HORMAD1
3077,MMS19
3078,GNA12
3079,ZMYND8
3080,UBE2D1
3081,CTXN1
3082,MANSC4
3083,PPP1R7
3084,DNAJC24
3085,TRAIP
3086,ALPK3
3087,IL21R
3088,SLC4A7
3089,IPO4
3090,PFDN4
3091,BTBD6
3092,FRG2B
3093,CSNK2A3
3094,RBM34
3095,PKD2
3096,ZC3H4
3097,ZNF92
3098,NEK8
3099,PIK3R1
3100,SDHAF1
3101,MREG
3102,PTGER3
3103,POMP
3104,EMC8
3105,AFF4
3106,SMAD7
3107,LACC1
3108,PIH1D1
3109,FBXO17
3110,ZNF791
3111,BRMS1L
3112,DGCR6L
3113,FIG4
3114,TGFBRAP1
3115,VPS33A
3116,LIMD2
3117,EP300
3118,NUTM2F
3119,CITED4
3120,TK1
3121,SMIM3
3122,GTPBP8
3123,APRT
3124,COQ10B
3125,EIF4EBP2
3126,SOX9
3127,CYTH1
3128,SLK
3129,SOD1
3130,GLUD2
3131,CEACAM8
3132,SRCIN1
3133,PSPC1
3134,CCDC179
3135,WDR20
3136,PIGK
3137,FKBP8
3138,DOK1
3139,GADD45GIP1
3140,MTIF3
3141,ALLC
3142,LOH12CR1
3143,CRISP1
3144,DCLK3
3145,SPICE1
3146,ZBTB34
3147,ESCO1
3148,ZNF208
3149,SEPHS1
3150,BTRC
3151,HOXA6
3152,GZMH
3153,FBXO9
3154,ATP5I
3155,ARHGEF7
3156,CEP85
3157,SELRC1
3158,PDIA6
3159,CYP17A1
3160,CDK6
3161,COQ7
3162,PROB1
3163,MYO1H
3164,CTBP2
3165,GJC1
3166,FN3K
3167,METTL17
3168,AURKAIP1
3169,MSL1
3170,RAB18
3171,PRDX4
3172,FAM49A
3173,TAF5L
3174,C16orf59
3175,AASS
3176,SPTLC2
3177,NAA15
3178,MOS
3179,ASCL1
3180,CSK
3181,PKP4
3182,PRKCE
3183,MAOA
3184,MSI2
3185,COL11A2
3186,STRIP1
3187,ELAVL1
3188,USP34
3189,DCPS
3190,WFS1
3191,RBBP7
3192,ERC1
3193,RASA2
3194,PCDHB11
3195,AKIRIN1
3196,CNN2
3197,RAB24
3198,CADM4
3199,DENND5A
3200,CCDC93
3201,ATP10A
3202,ANXA8L2
3203,TTK
3204,FDX1
3205,A1BG
3206,KDM5B
3207,C17orf89
3208,AZI2
3209,HERC1
3210,SUV420H1
3211,KCNA3
3212,SHB
3213,ZIC2
3214,ZDHHC20
3215,KRTAP21-2
3216,PLGLB1
3217,MAP3K1
3218,VPS52
3219,CACNG6
3220,GRSF1
3221,RHEB
3222,MRPS7
3223,CEP350
3224,ABCB5
3225,VCPIP1
3226,FBXL3
3227,MTERF
3228,HDX
3229,UTP6
3230,COA3
3231,PUM2
3232,CRBN
3233,AKR1D1
3234,CEP57
3235,CHRNE
3236,DDX59
3237,UVRAG
3238,FAM118B
3239,RTN4IP1
3240,MED16
3241,SNX13
3242,GBP1
3243,PCNT
3244,DHODH
3245,CLHC1
3246,PCSK9
3247,EGF
3248,RCOR2
3249,CHERP
3250,PGLS
3251,KRTAP9-7
3252,VCL
3253,MYC
3254,LRRC71
3255,EMX2
3256,ALDOA
3257,RBM33
3258,PFDN6
3259,NDNL2
3260,MAST2
3261,CCIN
3262,ADAMTS17
3263,ORMDL2
3264,CARD16
3265,KIAA1107
3266,KIF22
3267,VWCE
3268,GRN
3269,HLA-DRB1
3270,RIMBP3B
3271,CEP290
3272,SNX6
3273,SAMM50
3274,BDNF
3275,RIC8A
3276,IL12A
3277,LACTB2
3278,TFPT
3279,NISCH
3280,TSSC1
3281,ADAM21
3282,CLDN1
3283,ZNF684
3284,C20orf85
3285,METTL10
3286,GSG2
3287,PSMG3
3288,ROMO1
3289,CLUH
3290,HMCN1
3291,CLEC11A
3292,PRKCI
3293,HSF2BP
3294,GOLGA7
3295,KRT83
3296,SFMBT1
3297,ALG10
3298,PPP1R35
3299,CLEC18C
3300,SPIN2B
3301,PLEKHA8
3302,PARVB
3303,KMT2B
3304,EAF1
3305,FXN
3306,ULBP2
3307,MAFG
3308,TAF6L
3309,PDIA3
3310,PARVA
3311,CEP57L1
3312,ZNF83
3313,JKAMP
3314,TRIM77
3315,HDGFRP2
3316,CKAP2
3317,HAPLN2
3318,E2F1
3319,LYPD6B
3320,NOX1
3321,SMARCA2
3322,PPP4R1
3323,CTNNB1
3324,ZNF676
3325,KCNC3
3326,EIF4ENIF1
3327,RUNX2
3328,GGNBP2
3329,CD163
3330,ZNF664
3331,KRT12
3332,NAT2
3333,CES1
3334,C12orf71
3335,FNDC3B
3336,POC1B
3337,DLG1
3338,ZCCHC7
3339,HRH4
3340,ASNS
3341,NFE2L2
3342,TBC1D10B
3343,ID2
3344,KLRF2
3345,ZNF850
3346,CYB5B
3347,USP17L5
3348,EPHA3
3349,KIF2A
3350,DOCK5
3351,ZEB1
3352,YES1
3353,BSCL2
3354,HNRNPH1
3355,TRIM64B
3356,PMPCB
3357,CYFIP1
3358,SYVN1
3359,C17orf96
3360,GATA6
3361,PDE3B
3362,EEF1B2
3363,ATG4C
3364,HYLS1
3365,SP3
3366,SLC35E2
3367,TCF7L2
3368,ZNF410
3369,SLC35F5
3370,UHRF1BP1L
3371,KDELR2
3372,TBC1D10C
3373,CD47
3374,GTF2H5
3375,EXTL2
3376,TUBB4B
3377,DRG1
3378,AZIN1
3379,CHST8
3380,CYP4V2
3381,ZC3H15
3382,TM2D3
3383,ZDHHC13
3384,KLHDC10
3385,CCDC62
3386,NFKBIE
3387,CD44
3388,CRYGD
3389,UNC45A
3390,YJEFN3
3391,BBS5
3392,AP5M1
3393,INO80C
3394,SLTM
3395,ZCCHC6
3396,ENTPD7
3397,TMEM123
3398,BDH2
3399,SELT
3400,ALDOC
3401,PTGES3
3402,TLK1
3403,ZNF284
3404,CTDSPL2
3405,FOXL2
3406,C19orf25
3407,TP53BP2
3408,TFG
3409,PCBD1
3410,CD2BP2
3411,UGT1A6
3412,CNTLN
3413,THOC7
3414,ACSM3
3415,UBE2D2
3416,ERCC2
3417,PRKACA
3418,AGRP
3419,KNSTRN
3420,UGT1A9
3421,ZNF729
3422,MTX2
3423,ATF1
3424,MUL1
3425,DVL1
3426,TMEM50B
3427,FAM115A
3428,PNN
3429,HSD17B4
3430,ENTPD5
3431,CTNS
3432,SEC24B
3433,BCAP31
3434,ZNF383
3435,COL1A2
3436,RBM47
3437,FKBP3
3438,GRAMD1C
3439,ARSK
3440,ZNF225
3441,ZNF714
3442,SERPINB5
3443,JUNB
3444,EIF4E3
3445,UGT1A8
3446,PLEKHG3
3447,ZSCAN4
3448,TP53RK
3449,RNF31
3450,ABCD1
3451,TMEM41A
3452,LRRC28
3453,TM2D2
3454,ACVR2A
3455,HNF4A
3456,BMPR2
3457,HAX1
3458,CSNK1A1
3459,SMAD2
3460,C9orf129
3461,TXNL1
3462,PXN
3463,RNLS
3464,NME2
3465,ZKSCAN5
3466,GPX4
3467,APOBEC4
3468,AGPAT2
3469,PEX10
3470,C1orf54
3471,ZNF662
3472,C4orf47
3473,ARSB
3474,ARF3
3475,LAMTOR4
3476,KRTAP4-5
3477,SLC44A3
3478,MET
3479,WDR36
3480,SPNS1
3481,IL7
3482,NSUN7
3483,NADK
3484,VN1R1
3485,PRKAR2A
3486,VIPR1
3487,TMEM165
3488,ITGA3
3489,PPP1R3A
3490,FGFR1OP2
3491,FZD5
3492,OCM
3493,TERF1
3494,RNF13
3495,LCOR
3496,FIP1L1
3497,POP4
3498,CYP2C18
3499,TDP1
3500,ACTR5
3501,WNK3
3502,SHCBP1
3503,ABHD17B
3504,STARD5
3505,TUBGCP6
3506,ARL10
3507,TVP23C
3508,TTC7A
3509,DNAJB13
3510,ESRRA
3511,IL18
3512,C18orf32
3513,PPME1
3514,OAF
3515,LST1
3516,PPP3CC
3517,MTCH2
3518,PHF23
3519,ZNF559-ZNF177
3520,CHURC1
3521,KLF5
3522,RIMKLB
3523,SNX25
3524,GTF3C2
3525,SC5D
3526,DSG2
3527,USMG5
3528,CCDC178
3529,MYO15A
3530,TGFBR3
3531,CHTOP
3532,FBXO43
3533,CCNE2
3534,HNF4G
3535,FAM13A
3536,EOGT
3537,NXF3
3538,CBFB
3539,NSUN5
3540,WDR78
3541,DPM1
3542,MAP4K3
3543,GLOD5
3544,XKR9
3545,M6PR
3546,DDX17
3547,ARHGAP29
3548,FAM3B
3549,DEF8
3550,RAPGEF4
3551,PUS7
3552,QKI
3553,NDUFA12
3554,RNF114
3555,CCDC51
3556,TICAM2
3557,SLC6A8
3558,SEC23A
3559,UBIAD1
3560,SPTSSB
3561,IKBKG
3562,PEX2
3563,HSDL2
3564,ZNF213
3565,NEK3
3566,MYO10
3567,ZNF91
3568,TLR8
3569,CEP104
3570,ZNF790
3571,LYPD6
3572,SLC35A2
3573,ZNF180
3574,UBE2W
3575,LMO4
3576,PIGH
3577,ZNF878
3578,ZNF428
3579,SLC44A5
3580,TOMM7
3581,CEP170B
3582,SREBF1
3583,ARL5A
3584,TIAL1
3585,C1orf52
3586,RMND5A
3587,FOXP2
3588,SRSF11
3589,ZNF385A
3590,TMEM255A
3591,CDK5RAP3
3592,SPATA5L1
3593,BCAT1
3594,SKIL
3595,SUGP2
3596,PEX19
3597,CAST
3598,MGAT4A
3599,OSBPL2
3600,C15orf38-AP3S2
3601,PDZD4
3602,OOSP2
3603,RBM26
3604,ZNF35
3605,MFN1
3606,MTMR2
3607,TMEM168
3608,ANKFY1
3609,HMMR
3610,HADHA
3611,FAM149B1
3612,G3BP1
3613,UBL3
3614,HENMT1
3615,MCMDC2
3616,TAX1BP1
3617,DDX58
3618,MAP3K2
3619,PRR3
3620,EPHA10
3621,PEX13
3622,DNAJB4
3623,CCDC152
3624,TXNDC12
3625,KRTAP25-1
3626,FNBP1
3627,IPO5
3628,ZMYM2
3629,METTL23
3630,RINT1
3631,HNF1A
3632,ZFP36L1
3633,ECHS1
3634,PPP6C
3635,PUM1
3636,SMIM19
3637,GSTA2
3638,SPAG11A
3639,KRT33B
3640,GCLM
3641,LUZP6
3642,FAM122A
3643,UGT2B7
3644,P2RY6
3645,PRKAR1A
3646,PAQR6
3647,MARK2
3648,FAM21B
3649,FAIM
3650,BRMS1
3651,AADAT
3652,PTPN20A
3653,KLHDC1
3654,C8orf44
3655,MYOT
3656,APITD1
3657,CDCA3
3658,XPO6
3659,CASC1
3660,ZYX
3661,SMAGP
3662,MBOAT2
3663,IRF2BP2
3664,RASGRP2
3665,ST3GAL6
3666,SPINT2
3667,IL1RL2
3668,TEAD1
3669,SRPK2
3670,CDH1
3671,C2orf15
3672,DEPDC1
3673,TAP1
3674,IFNA13
3675,GNG11
3676,ZNF705A
3677,KIF18B
3678,ZNF543
3679,RAB5A
3680,PDE4D
3681,CHFR
3682,FAM32A
3683,KLF3
3684,SERINC4
3685,RGPD4
3686,ITIH1
3687,DPH3
3688,ADRBK1
3689,PEX3
3690,ACOX1
3691,XPO4
3692,WDR45
3693,SCO1
3694,S100A10
3695,GBE1
3696,TTC29
3697,ZNF812
3698,LRRC1
3699,PGRMC2
3700,SLC35A3
3701,MMACHC
3702,PIAS1
3703,ADAMTS3
3704,SERINC3
3705,IRS1
3706,WLS
3707,POLQ
3708,PPID
3709,RBM44
3710,SOX7
3711,NEK7
3712,TYW1
3713,VDAC3
3714,PNRC2
3715,ANKRD17
3716,SLC7A2
3717,TGFBR1
3718,SCLT1
3719,SETD7
3720,DPH5
3721,PSAT1
3722,PPARG
3723,CSF3
3724,SNAP91
3725,PPP3R1
3726,PSENEN
3727,ELMOD2
3728,CNOT4
3729,GRK4
3730,HBP1
3731,PDE4DIP
3732,HPGDS
3733,MPI
3734,NOB1
3735,SPOP
3736,KLF10
3737,FOSL1
3738,KLHL5
3739,PKIG
3740,IL1RL1
3741,ZNF148
3742,JUN
3743,C6orf62
3744,FADD
3745,CIRH1A
3746,KIAA1143
3747,PCDHA8
3748,PDZD3
3749,VPS39
3750,STEAP2
3751,SLC7A5
3752,POLG2
3753,TMOD3
3754,APTX
3755,MLX
3756,SPANXC
3757,HNF1B
3758,RAD1
3759,GANAB
3760,PPP2R5C
3761,WDR41
3762,LRRC72
3763,FAM102B
3764,ELP4
3765,SMARCE1
3766,SPATA4
3767,ZNF511
3768,PC
3769,CAPS2
3770,KRT31
3771,ZFP14
3772,CCDC66
3773,SP110
3774,CFHR3
3775,SMR3A
3776,MAP3K7
3777,LCE1B
3778,ANKIB1
3779,TFAP4
3780,CYP4Z1
3781,ZNF567
3782,CREBBP
3783,BCLAF1
3784,C6orf106
3785,NAPRT1
3786,PDIA5
3787,ID1
3788,STX4
3789,ZNF813
3790,ZNF689
3791,PICALM
3792,PPIP5K2
3793,FGG
3794,SAAL1
3795,FOXA2
3796,FLCN
3797,CETN3
3798,ATF2
3799,ABT1
3800,PPP6R3
3801,FAM172A
3802,C9orf85
3803,SLC35B1
3804,SLC1A5
3805,MYBL1
3806,MGAT1
3807,TGIF1
3808,SSR2
3809,MAFF
3810,TMEM131
3811,EEF1E1
3812,DHX29
3813,SETD4
3814,GBAS
3815,EIF5A
3816,MTHFD2L
3817,MRPL12
3818,APH1A
3819,SHC1
3820,WASF2
3821,HNRNPD
3822,SDCBP
3823,GAB4
3824,PMM2
3825,TGIF2-C20orf24
3826,F11R
3827,CNOT6L
3828,ABCC2
3829,TMED7-TICAM2
3830,CHMP4B
3831,SP1
3832,CD151
3833,NBN
3834,BECN1
3835,C14orf39
3836,SLC12A7
3837,PCDHB14
3838,VNN2
3839,C6orf58
3840,UXS1
3841,TAPT1
3842,SPRR2D
3843,PON3
3844,BZW1
3845,PIGA
3846,SPRYD4
3847,C19orf77
3848,PEX16
3849,NAA16
3850,MSMO1
3851,ZNF763
3852,BNC2
3853,CTNND1
3854,TMEM257
3855,RELA
3856,PAK1
3857,ZNF836
3858,LEMD2
3859,KDELR3
3860,UBA2
3861,FERMT1
3862,SLMAP
3863,CLEC2B
3864,ABI1
3865,C15orf48
3866,NOC2L
3867,WNT7B
3868,ZCWPW2
3869,C3orf38
3870,ISYNA1
3871,DPY19L2
3872,PTPN2
3873,DYDC1
3874,FERMT3
3875,HSPB7
3876,VPS4A
3877,STK24
3878,LRP5
3879,SUPT20H
3880,PLEKHA3
3881,UAP1
3882,ACAT1
3883,PAAF1
3884,DTWD1
3885,ERVV-1
3886,GCA
3887,TRNT1
3888,NHP2
3889,GPR137
3890,ME2
3891,C1orf87
3892,MRS2
3893,TMEM243
3894,C1orf172
3895,ENSA
3896,HSD3B1
3897,IPMK
3898,ZNF28
3899,CEBPB
3900,TRAF7
3901,IFLTD1
3902,PEX6
3903,ELMO2
3904,DEFB1
3905,FRA10AC1
3906,C17orf80
3907,FAM177B
3908,TM2D1
3909,CHMP1A
3910,PPP2R1B
3911,CYP2C9
3912,FAM167B
3913,BZW2
3914,STMN2
3915,TMEM54
3916,DENND1C
3917,CETN2
3918,LCN1
3919,MAP3K4
3920,C4BPA
3921,ZSCAN18
3922,PYGM
3923,ITPR2
3924,LEO1
3925,HYAL4
3926,AZGP1
3927,B4GALT3
3928,CTAGE1
3929,LRP12
3930,DPY19L1
3931,GJB3
3932,CD244
3933,FLVCR2
3934,CACNB1
3935,CHP1
3936,IFI44L
3937,LASP1
3938,CNTN6
3939,HN1
3940,CHCHD5
3941,CYB561
3942,ACOT6
3943,SUPT7L
3944,SPANXN2
3945,MYO9B
3946,MDK
3947,MTA3
3948,ARMCX6
3949,KISS1
3950,KYNU
3951,GSTT2B
3952,PROL1
3953,SNX1
3954,BHMT
3955,GSDMC
3956,USP17L13
3957,ZNF175
3958,TAF1L
3959,LILRA1
3960,RWDD1
3961,IL18RAP
3962,LCE6A
3963,PTEN
3964,ERBB2
3965,CATSPER1
3966,RBM45
3967,LMLN
3968,SRM
3969,TCEAL4
3970,STAT3
3971,C11orf65
3972,OXR1
3973,HOOK1
3974,GRB7
3975,EYS
3976,MIEF1
3977,FAM83E
3978,NIPAL2
3979,HEATR5B
3980,TMEM68
3981,LY9
3982,MITF
3983,XKR3
3984,FXR1
3985,ANAPC13
3986,RAPGEFL1
3987,ADAMTS10
3988,RAB35
3989,CHML
3990,FNDC8
3991,ORMDL3
3992,CCND2
3993,NME8
3994,APOH
3995,SBK1
3996,FAM9A
3997,IPO13
3998,ZFP69
3999,GLB1L
4000,GPBP1L1
4001,EBI3
4002,TM9SF2
4003,PRR16
4004,ATG3
4005,ERP44
4006,DYNC1LI1
4007,GMPR
4008,TRIM14
4009,LOC152586
4010,CCDC137
4011,ARHGEF12
4012,SNX5
4013,IL6ST
4014,MOCS2
4015,ZCCHC10
4016,LRRC57
4017,ANTXR1
4018,RAB3GAP2
4019,LMOD1
4020,DNAJC13
4021,YIPF4
4022,FAM50B
4023,MAGEC1
4024,DOCK4
4025,RAB5C
4026,C12orf4
4027,KRT72
4028,CD302
4029,GPRIN2
4030,ACOT4
4031,HEMGN
4032,NFKBIA
4033,ATF5
4034,SLC16A3
4035,ARMC9
4036,SEC23B
4037,PTK6
4038,CASC3
4039,PLK2
4040,BRAF
4041,MECOM
4042,RRAS2
4043,GLRX2
4044,HTRA2
4045,ST7
4046,SLC7A6
4047,BST1
4048,ATRN
4049,RNF180
4050,LRRC49
4051,USP46
4052,DYNC2H1
4053,APEX1
4054,UBE2J1
4055,MAPK1IP1L
4056,SVIP
4057,CHMP2B
4058,DLEC1
4059,EIF2AK4
4060,CDRT15L2
4061,BGLAP
4062,CDX2
4063,C5orf58
4064,RNF25
4065,ZNF674
4066,GRHL2
4067,SEC14L1
4068,CLTCL1
4069,ZCCHC14
4070,TINAG
4071,RPS4Y1
4072,IL19
4073,CEP70
4074,C1orf122
4075,LOX
4076,PLG
4077,FAM126B
4078,MAP3K8
4079,MCF2L
4080,ZNF528
4081,ARHGEF3
4082,RIPK1
4083,ADAL
4084,AGBL3
4085,DUSP4
4086,ATF7IP
4087,IMMP2L
4088,MAPK14
4089,ZNF814
4090,CACNB3
4091,PIK3R3
4092,CCDC73
4093,TXNDC9
4094,ARAP2
4095,DLGAP1
4096,PFKFB2
4097,ELL2
4098,TOM1L2
4099,LCN15
4100,TMEM97
4101,MYF6
4102,SETD8
4103,CRTAM
4104,RNASET2
4105,SLC9A2
4106,PLCB4
4107,ARHGAP19
4108,S100A9
4109,DCUN1D4
4110,SLC19A2
4111,TP63
4112,ACSL5
4113,ABCG2
4114,FXYD6
4115,DMAP1
4116,B3GNT2
4117,CCDC148
4118,NLRP7
4119,PRKAG2
4120,PAPD5
4121,KIF2C
4122,CBLN2
4123,ROCK1
4124,PTPN12
4125,ARHGEF33
4126,KCNK9
4127,BIRC3
4128,NHLRC4
4129,SEC22C
4130,ZNF732
4131,NCL
4132,ZBTB14
4133,FAP
4134,GOT1
4135,CSF1
4136,ZFAND1
4137,FOXL1
4138,RAP1GDS1
4139,FAM220A
4140,HOXB9
4141,ZNF267
4142,C3orf83
4143,C17orf98
4144,ALS2CR11
4145,JUP
4146,PPP4C
4147,SLC4A2
4148,CAMSAP2
4149,HAUS5
4150,INPP5F
4151,CD4
4152,STAM2
4153,DYNLL2
4154,DBX2
4155,GIPC2
4156,DEFB115
4157,NKTR
4158,TMEM194B
4159,LIG4
4160,FKBP9
4161,TNFSF10
4162,ABLIM1
4163,PGM3
4164,ODF2L
4165,C9orf131
4166,PRR14L
4167,COCH
4168,ZNF585B
4169,PXDNL
4170,FES
4171,CXorf40B
4172,PEX11B
4173,ROCK2
4174,KIAA1109
4175,PDCD6
4176,GNG2
4177,UBXN4
4178,TEAD3
4179,ZNF131
4180,CCR4
4181,ZMYM1
4182,RNF24
4183,C16orf92
4184,FOXA1
4185,MIS12
4186,GSTCD
4187,PTPN1
4188,MFSD8
4189,AGTR2
4190,C12orf56
4191,PSG6
4192,RSAD1
4193,CTTN
4194,DEFB104B
4195,PAK2
4196,C9orf96
4197,LMAN2L
4198,TYK2
4199,PADI2
4200,KHDRBS3
4201,ACER1
4202,SPINT4
4203,ACAT2
4204,MIF4GD
4205,LRRFIP1
4206,GLO1
4207,ING2
4208,LRFN3
4209,CARD10
4210,RPS4Y2
4211,LANCL2
4212,ARL8B
4213,SLC5A3
4214,DNAJC2
4215,RIIAD1
4216,RXRA
4217,USB1
4218,PRAMEF13
4219,P2RY8
4220,PANK1
4221,DERL1
4222,ZSWIM4
4223,ZNF532
4224,KIAA1377
4225,GSTM2
4226,PDGFRA
4227,C16orf90
4228,LEMD3
4229,PIGW
4230,SLC38A6
4231,TAF1
4232,PLS3
4233,AP3B1
4234,ITGA1
4235,BTBD3
4236,AKAP4
4237,TRAPPC4
4238,CDK16
4239,KPTN
4240,DCTD
4241,PRKACB
4242,PKHD1
4243,THAP2
4244,SHC3
4245,DLAT
4246,E2F4
4247,GPCPD1
4248,CHM
4249,MTERFD2
4250,PAQR8
4251,CTAG1A
4252,RSPRY1
4253,GLUL
4254,ARMC1
4255,OTUB1
4256,PRKG1
4257,ESPN
4258,RDX
4259,FBXO7
4260,EXT1
4261,ZNF354A
4262,TMEM161B
4263,C12orf57
4264,ZNF222
4265,OSBPL8
4266,NCOA6
4267,RBAK
4268,ALX4
4269,MCM9
4270,RARA
4271,FAM129A
4272,IL2RA
4273,LCA5L
4274,STAM
4275,B3GNT5
4276,GNB1
4277,CHD2
4278,ELMOD1
4279,IL1R1
4280,LRRC8C
4281,C8orf88
4282,HEXB
4283,GRXCR2
4284,AFP
4285,FAM9B
4286,MB21D1
4287,KRTAP10-3
4288,TGFBR2
4289,PLAC1
4290,FAM49B
4291,HSBP1L1
4292,UNC119
4293,ESYT2
4294,PDZD9
4295,PSIP1
4296,SFTPA1
4297,SGIP1
4298,ERVV-2
4299,DYM
4300,NCOA3
4301,SEC22A
4302,PPFIA1
4303,TSC2
4304,MARCH6
4305,RABGEF1
4306,ME1
4307,RALGPS1
4308,ANKRD23
4309,KRTAP1-3
4310,GAB1
4311,CRIP3
4312,ANKMY2
4313,HSF5
4314,SMURF1
4315,METAP1D
4316,AP1AR
4317,IL36G
4318,PPP2R3B
4319,DEPDC7
4320,KCNJ6
4321,PGM2L1
4322,HLA-DQB2
4323,GPSM3
4324,ZNF529
4325,NUDC
4326,CCDC121
4327,ELTD1
4328,CORO6
4329,ARTN
4330,CCNDBP1
4331,PDE7A
4332,NAA20
4333,RAB3GAP1
4334,ZNF577
4335,BCORL1
4336,MYH14
4337,TAF10
4338,C7orf57
4339,UGP2
4340,KCNU1
4341,LPGAT1
4342,C11orf85
4343,LGR4
4344,CCNE1
4345,CCNB1IP1
4346,E2F3
4347,CERS5
4348,PTPLAD2
4349,MROH9
4350,PSRC1
4351,DCUN1D5
4352,ASXL3
4353,ZSWIM8
4354,RSPH10B
4355,TRIM29
4356,TSC1
4357,NME1-NME2
4358,GATAD2A
4359,LYPLAL1
4360,HHIPL1
4361,PDGFC
4362,GLS
4363,CD9
4364,LGALS7B
4365,CD46
4366,CD177
4367,ZSCAN20
4368,PGRMC1
4369,MEIG1
4370,AKIP1
4371,HOXC4
4372,HLTF
4373,RHOQ
4374,PIK3CG
4375,NFATC2IP
4376,EDDM3B
4377,DYNC2LI1
4378,TYW1B
4379,CCL7
4380,NPNT
4381,CXorf58
4382,MIEN1
4383,C2orf53
4384,ZNF845
4385,LRRC4C
4386,NANP
4387,TMC2
4388,ARHGAP35
4389,ZNF425
4390,SLC16A5
4391,CHIC2
4392,TBC1D3F
4393,EFNB2
4394,FBXO47
4395,ABCA6
4396,PAXIP1
4397,IL5
4398,MYL6
4399,TRERF1
4400,MGRN1
4401,EIF4A1
4402,CSN1S1
4403,IRX1
4404,TNFAIP3
4405,COX7A2
4406,TSR3
4407,SULT1C3
4408,DDT
4409,OMG
4410,FAM46D
4411,KIF15
4412,ARAP1
4413,AKT1
4414,EGLN1
4415,KMT2E
4416,C3orf36
4417,ADD3
4418,LENEP
4419,CERS3
4420,HDDC2
4421,STXBP5L
4422,NEURL4
4423,EMB
4424,KIF25
4425,KRTAP21-3
4426,GPR37L1
4427,MYO7A
4428,RNF182
4429,CFC1B
4430,CDH17
4431,KRT6C
4432,DIAPH1
4433,MSANTD4
4434,C17orf105
4435,ZNF90
4436,C2orf78
4437,C1orf74
4438,CHAC2
4439,RBM12B
4440,ADAP2
4441,LIN7C
4442,C16orf45
4443,DKK1
4444,CAAP1
4445,ANO1
4446,EPG5
4447,ANP32A
4448,NPY1R
4449,ABCB4
4450,GPALPP1
4451,C10orf10
4452,CD200
4453,RBM43
4454,C14orf28
4455,IL31RA
4456,LACE1
4457,GLCE
4458,ZNF782
4459,DOCK6
4460,METRNL
4461,C6orf163
4462,TRAPPC12
4463,C9orf156
4464,COPS7A
4465,MAP6D1
4466,ARHGAP8
4467,LDLR
4468,HMSD
4469,GK
4470,MYLIP
4471,FITM2
4472,RGL4
4473,RTKN2
4474,RIPK4
4475,MUCL1
4476,TTLL5
4477,NPC1
4478,KRTCAP2
4479,ZBTB39
4480,FAAH
4481,ITIH3
4482,NMI
4483,PRAMEF10
4484,MAML1
4485,KRT3
4486,LAIR1
4487,DNAJB9
4488,AAAS
4489,RBM5
4490,PUS3
4491,LELP1
4492,RUNX3
4493,SYNPO2L
4494,PSMD10
4495,HSPH1
4496,EDARADD
4497,UPF3B
4498,OMP
4499,PAOX
4500,MND1
4501,PITPNB
4502,CHMP1B
4503,PLA1A
4504,SLC25A25
4505,C16orf62
4506,CLPX
4507,RAB15
4508,ANXA10
4509,TRIM73
4510,CD58
4511,AK1
4512,RNF207
4513,C17orf75
4514,ABCA5
4515,HIGD1C
4516,NCEH1
4517,PRR11
4518,RBM4B
4519,ARL6IP6
4520,ALAS1
4521,ASNSD1
4522,SNX15
4523,ZNFX1
4524,MTF2
4525,CLDN24
4526,LAMTOR5
4527,CEP78
4528,MORF4L2
4529,PRKACG
4530,XPO7
4531,RHBDF2
4532,GLIPR1
4533,DHRS3
4534,JAG1
4535,TSTD2
4536,CNOT11
4537,KBTBD3
4538,GSDMA
4539,GNPNAT1
4540,DEC1
4541,FOXJ1
4542,GTF2A1L
4543,C11orf30
4544,RBM41
4545,NPAS4
4546,PTK7
4547,SMARCAL1
4548,GAS2
4549,IRAK4
4550,TAS2R20
4551,ZNF727
4552,ZNF471
4553,RBM27
4554,PCYOX1
4555,PALB2
4556,TAF4B
4557,IFI44
4558,SMARCD2
4559,UBE3A
4560,TMEM2
4561,MRPL1
4562,JAK1
4563,COX8A
4564,SMIM7
4565,APCS
4566,YIPF6
4567,ANKRD1
4568,CNOT10
4569,SOX17
4570,DDX43
4571,PTGES3L-AARSD1
4572,TNRC18
4573,FAM228A
4574,AMER3
4575,MATN4
4576,NPFFR2
4577,VWA5B2
4578,RAB6B
4579,COASY
4580,SLC30A7
4581,C11orf49
4582,GRIN2B
4583,BAZ1A
4584,MICB
4585,UGT2B17
4586,FOXE1
4587,GNB4
4588,PAPSS1
4589,RHOC
4590,FOCAD
4591,CSRP2
4592,CYP11A1
4593,DEFB107B
4594,TNFSF13
4595,NDUFB11
4596,M1AP
4597,ZER1
4598,SERAC1
4599,IMMP1L
4600,AUP1
4601,CASP3
4602,ARHGEF2
4603,TECPR1
4604,MMP8
4605,IFNL3
4606,TEX13B
4607,RCBTB2
4608,RAB34
4609,CLEC9A
4610,ART3
4611,NUP37
4612,RAD54B
4613,RBPJ
4614,INPP5K
4615,C3orf62
4616,SLC35B2
4617,LCN8
4618,DEFB121
4619,PRG4
4620,AP3M1
4621,SPIN3
4622,GPR160
4623,TXNDC16
4624,TRIO
4625,GJB2
4626,APLP2
4627,BMP8A
4628,ZBTB12
4629,FOXN3
4630,ADNP
4631,GDF1
4632,PSEN1
4633,METTL9
4634,UBE2V2
4635,SLC25A46
4636,MAML2
4637,FASTKD2
4638,CUL4B
4639,ITPA
4640,NXPE3
4641,KIAA0232
4642,RAB11FIP2
4643,TECR
4644,HIF1AN
4645,GTPBP1
4646,CCNB2
4647,QTRT1
4648,NOTUM
4649,SNX17
4650,C17orf58
4651,XYLT2
4652,ROPN1B
4653,THPO
4654,CLPP
4655,NBPF6
4656,PPBP
4657,CRLF3
4658,PPP2R2B
4659,NT5C
4660,CD19
4661,SNAP29
4662,DPP9
4663,TPR
4664,CHST11
4665,LIPT2
4666,C3orf17
4667,SP2
4668,TANGO6
4669,NCLN
4670,BCL6
4671,FOXO1
4672,FAM76A
4673,RIMBP2
4674,SEPT6
4675,STIP1
4676,MPDU1
4677,LPIN1
4678,DUSP22
4679,BID
4680,FGFR3
4681,NCOA7
4682,TCF3
4683,FAM63A
4684,ZNF781
4685,SPCS3
4686,SLC25A36
4687,ARHGDIB
4688,AFF2
4689,C12orf52
4690,AGAP3
4691,ARID3A
4692,BATF2
4693,REEP4
4694,EXOC6
4695,ACSS2
4696,GAPVD1
4697,SLC16A1
4698,PALMD
4699,FNIP1
4700,TMEM209
4701,RUNX1
4702,KLHDC3
4703,DDX3Y
4704,GSS
4705,PPCDC
4706,SUMO4
4707,ATR
4708,ALG9
4709,KIAA0907
4710,PPP1CC
4711,PRIM1
4712,MTF1
4713,TANK
4714,IRF8
4715,LCE3A
4716,NFKB2
4717,EPT1
4718,PAGR1
4719,OAZ1
4720,AVEN
4721,EBP
4722,TCP10
4723,SS18
4724,MKI67
4725,EBF1
4726,MAF
4727,SLC7A11
4728,MAFB
4729,SPAST
4730,SREBF2
4731,KCTD5
4732,SASH3
4733,KCNQ5
4734,AKT2
4735,KDM3B
4736,DENND4A
4737,PDZD8
4738,ZBTB38
4739,ID3
4740,PRKD3
4741,RAB6C
4742,DOT1L
4743,HTATSF1
4744,GATC
4745,SPI1
4746,SLC1A3
4747,CEBPA
4748,TMEM251
4749,IRF4
4750,THBS3
4751,LOC729020
4752,GPC2
4753,NLE1
4754,AHR
4755,PPIL4
4756,CLNS1A
4757,ARNT
4758,DYNLRB1
4759,LMO2
4760,ERCC4
4761,AHSA1
4762,SLC38A5
4763,FAM216B
4764,SLC25A22
4765,SLC25A19
4766,PRDX6
4767,RAB9A
4768,TMEM121
4769,MEF2C
4770,GNB2
4771,MBD2
4772,LRPAP1
4773,MED13L
4774,C12orf49
4775,FLVCR1
4776,CENPE
4777,AHCYL2
4778,GDI2
4779,ARID1A
4780,POU2AF1
4781,RFC2
4782,STRBP
4783,GNA11
4784,SEC31A
4785,MBNL1
4786,SBDS
4787,FEZ1
4788,AFF1
4789,STEAP1
4790,MEF2B
4791,FANCG
4792,ZNF417
4793,SGOL1
4794,GADD45A
4795,KBTBD8
4796,GCLC
4797,C1orf112
4798,GNAI2
4799,CMTM6
4800,COPS7B
4801,DONSON
4802,RCE1
4803,C1orf43
4804,ELMO1
4805,DAZAP1
4806,RAC2
4807,SH3GL1
4808,HERPUD1
4809,TIMELESS
4810,STX12
4811,PHC3
4812,TLE4
4813,ANG
4814,LRRIQ1
4815,PIK3R5
4816,PDHB
4817,CCND3
4818,SDHA
4819,RHOH
4820,SDHAF2
4821,CYP51A1
4822,CYB561A3
4823,HDAC1
4824,PDCD10
4825,SWAP70
4826,C11orf82
4827,SMC2
4828,C10orf131
4829,SLC52A2
4830,CDIP1
4831,C15orf57
4832,ABCF1
4833,EPS15L1
4834,SLC25A1
4835,MEF2D
4836,MAP2K2
4837,MOB1B
4838,TMEM189
4839,CHD7
4840,PF4V1
4841,AIFM2
4842,CTBP1
4843,ITSN2
4844,PLCG1
4845,LIPT1
4846,MPC1
4847,LYL1
4848,ZNF592
4849,LDLRAP1
4850,PRMT10
4851,MPC2
4852,FCHO1
4853,ZNF281
4854,TVP23B
4855,ARID1B
4856,SYK
4857,EXOSC6
4858,TMEM30A
4859,APH1B
4860,DOCK2
4861,AGPAT3
4862,FANCE
4863,PDS5B
4864,PDE11A
4865,MTA2
4866,EPN1
4867,SLC26A3
4868,SIN3A
4869,C10orf76
4870,BYSL
4871,REV1
4872,DIS3L
4873,ARHGEF11
4874,CASP8
4875,TPK1
4876,IKZF1
4877,CD81
4878,AS3MT
4879,STK11
4880,CFHR4
4881,MYB
4882,CCM2
4883,SSX4B
4884,UBE2J2
4885,ATP8B2
4886,PIK3CD
4887,AAGAB
4888,SNAPC2
4889,CD79A
4890,IKBKB
4891,ARID3B
4892,PPOX
4893,HSPA6
4894,PTPN7
4895,MZF1
4896,DEFB4B
4897,MAPK9
4898,PCYT2
4899,LSS
4900,CHUK
4901,ADIPOR2
4902,MEN1
4903,DDX39A
4904,CDK13
4905,ANKRD40
4906,PIK3C2A
4907,SLC38A1
4908,CLDN6
4909,SIK3
4910,C17orf70
4911,ETS2
4912,SMC1A
4913,RELB
4914,GPKOW
4915,C20orf24
4916,CCNF
4917,TCF12
4918,NOMO2
4919,ZNF407
4920,CD79B
4921,AARS
4922,FAM181A
4923,ARHGAP5
4924,NFKB1
4925,PAX5
4926,ZMYND11
4927,CD27
4928,RAPGEF6
4929,CHRM4
4930,ADK
4931,ATF7
4932,ATG14
4933,GAL3ST1
4934,PRKD1
4935,SALL1
4936,MAGEA6
4937,IL6R
4938,DEFB136
4939,PHYHD1
4940,ATXN2L
4941,RBM6
4942,AGR2
4943,LSM1
4944,TNNI1
4945,MGAT5B
4946,APOBEC3A
4947,ACVR1
4948,MUS81
4949,SHISA5
4950,PABPC5
4951,TRIB1
4952,HRAS
4953,SGMS2
4954,ASB3
4955,BMP2K
4956,TCTE3
4957,MIPOL1
4958,BBS10
4959,PTGDR
4960,CCL13
4961,TLCD1
4962,MPP5
4963,KLHL22
4964,KLHL42
4965,GATSL3
4966,FAM189A2
4967,THEM4
4968,SLC26A5
4969,AQP10
4970,SEC11C
4971,MYL12B
4972,BMP5
4973,SCAND1
4974,ACAD8
4975,BRCC3
4976,TM4SF4
4977,TPRA1
4978,DAGLB
4979,STK40
4980,PIGO
4981,RGS7
4982,C1orf35
4983,RHBDD1
4984,TJAP1
4985,PROX1
4986,MAP3K11
4987,KREMEN1
4988,PCDHB2
4989,TMEM27
4990,IFNE
4991,MAGEA9
4992,LRP2
4993,C11orf94
4994,TEX26
4995,PLEKHJ1
4996,PRIMA1
4997,JMJD8
4998,KRT18
4999,GNAT3
5000,ZFP41
5001,KRT6B
5002,ANXA2R
5003,RPS6KA3
5004,ISLR2
5005,LIN37
5006,NF1
5007,FSBP
5008,FCRL4
5009,MORN5
5010,C19orf48
5011,RHNO1
5012,ALAD
5013,ITGAX
5014,KIAA1324
5015,SLCO1B7
5016,RERG
5017,NDFIP2
5018,MAG
5019,CMC4
5020,PRR7
5021,FAM84B
5022,HAS1
5023,ZDHHC11
5024,LRP1B
5025,COMMD10
5026,MGAT4C
5027,ZNF626
5028,CCL27
5029,DHRS12
5030,MBLAC1
5031,HP
5032,GPR20
5033,RALYL
5034,TPCN2
5035,GPNMB
5036,ANKHD1
5037,PATL1
5038,ADAM17
5039,PHIP
5040,FKBP5
5041,TRIP10
5042,CASZ1
5043,CRYBA1
5044,MEI4
5045,SLC35F2
5046,PDE6G
5047,KRTAP22-2
5048,MS4A15
5049,RGS2
5050,C2CD4D
5051,NSD1
5052,GNAO1
5053,ZNF43
5054,ENOX2
5055,TDRD10
5056,LEKR1
5057,UBE2A
5058,CPA6
5059,COL24A1
5060,KIAA0196
5061,TXK
5062,APBB1IP
5063,PDIK1L
5064,ASF1B
5065,FCGR2B
5066,SPTSSA
5067,CSGALNACT1
5068,SEC14L4
5069,EML4
5070,ACTRT3
5071,MTMR6
5072,IL1RAPL2
5073,PARP6
5074,TARM1
5075,IFNAR1
5076,IFIT5
5077,PSMD5
5078,ZNF638
5079,CCNT1
5080,PLCB3
5081,LYSMD1
5082,MTMR4
5083,NANS
5084,PLEKHF2
5085,DRAM1
5086,BACH1
5087,IGFBP1
5088,FUNDC2
5089,SHROOM3
5090,AOAH
5091,APBA1
5092,RSF1
5093,C6
5094,RASSF8
5095,GSTT2
5096,KRT4
5097,NUDT10
5098,DERL2
5099,ELF3
5100,GLYATL1
5101,SFN
5102,TDRKH
5103,FPGT
5104,AVP
5105,PAGE2
5106,CCDC22
5107,ACBD7
5108,CDH2
5109,HOMER2
5110,NADK2
5111,KLHL7
5112,FAM120A
5113,PAQR4
5114,KCNF1
5115,WDFY2
5116,MKRN2
5117,MIOX
5118,TACC1
5119,ZNF829
5120,CYP27C1
5121,DOCK7
5122,ZNF135
5123,CHRFAM7A
5124,ADPGK
5125,RNF14
5126,EFCAB1
5127,CDK8
5128,TMEM185B
5129,ZNF221
5130,CYB5A
5131,CUL4A
5132,MGA
5133,FAM208B
5134,FAM153B
5135,ACTN4
5136,MAT2B
5137,C7orf25
5138,WDR93
5139,ALG3
5140,CNBP
5141,TSACC
5142,KIR2DL3
5143,NPC2
5144,CILP
5145,PFKP
5146,COL4A3BP
5147,ZNF653
5148,ARRB2
5149,CCS
5150,PDGFD
5151,GSR
5152,RAB3C
5153,OPRM1
5154,ASPDH
5155,APOBEC3D
5156,IER5L
5157,ZDHHC5
5158,NFIC
5159,PAGE5
5160,NUDT8
5161,TOP3B
5162,BEX4
5163,PPIB
5164,ATP1B1
5165,DGKD
5166,ATP11C
5167,HSD17B11
5168,SULT1A1
5169,PLXNA2
5170,SRSF9
5171,PPEF2
5172,ABCB8
5173,HIPK3
5174,C9orf16
5175,CEACAM4
5176,HAT1
5177,AGAP2
5178,MGAT2
5179,SH2D4A
5180,KCNT2
5181,PRDX1
5182,ZNF544
5183,LTN1
5184,CUTC
5185,RNF41
5186,PABPC1L2B
5187,FSTL5
5188,PRPS2
5189,OVGP1
5190,BCL9
5191,C7orf62
5192,C1S
5193,THUMPD1
5194,PKIA
5195,SCIN
5196,SLC35D1
5197,CAV1
5198,PDZD11
5199,OARD1
5200,SCNM1
5201,AGAP5
5202,IGFBP7
5203,MON2
5204,OGN
5205,GM2A
5206,NEIL2
5207,SLC6A4
5208,HS1BP3
5209,ICA1L
5210,RNF151
5211,PPP2R2C
5212,CYB561D2
5213,ABCF2
5214,STPG2
5215,NUDCD1
5216,DNAJC3
5217,CDK2AP2
5218,MAGEC2
5219,GOLGA6C
5220,PTCHD4
5221,PAX8
5222,DNAJB12
5223,AACS
5224,ADCY8
5225,POGLUT1
5226,FGF1
5227,FAM211B
5228,PLEC
5229,FOLH1
5230,ZNF765
5231,NTAN1
5232,EPM2A
5233,PI16
5234,STXBP2
5235,WNT1
5236,B4GALT4
5237,CUEDC1
5238,C9orf135
5239,C9orf41
5240,LIPA
5241,PARD3
5242,BTBD8
5243,HCN2
5244,ATP6V0E2
5245,POU3F2
5246,ARMCX5
5247,MAP2K3
5248,BCAR3
5249,ACHE
5250,C1QL2
5251,NKX2-1
5252,QRICH1
5253,ANP32E
5254,CYB5R3
5255,PSMB11
5256,RFPL1
5257,MAP1LC3A
5258,ACAA2
5259,FHL5
5260,TUBB4A
5261,LUM
5262,SACS
5263,ST6GALNAC5
5264,DRC1
5265,PER3
5266,MCCD1
5267,BCKDHA
5268,SNAI2
5269,BLOC1S2
5270,SMIM20
5271,CCDC102A
5272,BTG1
5273,GCSAML
5274,ANKAR
5275,MYO5A
5276,EYA3
5277,BNIP2
5278,MOGS
5279,RAB4A
5280,NMNAT3
5281,SMARCC2
5282,TMEM201
5283,CSMD3
5284,KCNIP3
5285,BLZF1
5286,G2E3
5287,RAG1
5288,SMYD5
5289,GUSB
5290,ELF4
5291,CSPG5
5292,PROCA1
5293,ACAP3
5294,TMEM154
5295,ARL6IP1
5296,C6orf47
5297,DPY19L4
5298,SLC35D2
5299,COMP
5300,MYPOP
5301,CRTC2
5302,SRI
5303,LHX4
5304,NFE2L1
5305,FAM161A
5306,LIFR
5307,EBAG9
5308,LHFPL1
5309,SSR3
5310,GNAI1
5311,ALDH3A2
5312,MICU1
5313,GNPAT
5314,UGT3A2
5315,C11orf91
5316,GCAT
5317,ZFAT
5318,DNAJC10
5319,PLCZ1
5320,ZNF239
5321,TMED7
5322,SCAF4
5323,ATG13
5324,CAV2
5325,GRIK1
5326,FER
5327,MAPK8
5328,CC2D1A
5329,CKAP4
5330,KLF4
5331,PEX5
5332,RAD54L2
5333,SENP2
5334,PLEKHG4
5335,ANK3
5336,HDAC4
5337,SLC9A1
5338,SLC12A2
5339,NGFRAP1
5340,MFSD11
5341,ZNF670
5342,SPRR1A
5343,NR0B2
5344,SIX1
5345,CHD9
5346,SPATA17
5347,SPANXN5
5348,RALGAPA2
5349,TRAF6
5350,MICU2
5351,NDST1
5352,UBP1
5353,AQP1
5354,RAB31
5355,ABHD10
5356,FAM104A
5357,SEPT2
5358,MEIS2
5359,FBP2
5360,C2orf88
5361,MELK
5362,BFSP1
5363,PPP2CB
5364,TAF9B
5365,ATHL1
5366,ADPRHL2
5367,C17orf66
5368,CNTROB
5369,AK9
5370,CD96
5371,ATG10
5372,FCRL6
5373,KRTAP20-3
5374,PAPD7
5375,FAM173A
5376,RNF223
5377,GRB14
5378,ARHGAP6
5379,NR1H2
5380,TRIM46
5381,SH3GLB1
5382,B4GALNT1
5383,ARNTL
5384,DPH2
5385,SATL1
5386,MLC1
5387,SGSM3
5388,C1QTNF5
5389,R3HDM2
5390,C12orf50
5391,C3orf58
5392,RAD23A
5393,ZNF613
5394,RBM11
5395,TMCO6
5396,MATN1
5397,OS9
5398,GCNT4
5399,USP33
5400,CYP2D6
5401,ARHGEF9
5402,POLB
5403,TPGS1
5404,CXorf30
5405,NRTN
5406,SLC12A1
5407,ZNF124
5408,STK4
5409,SURF2
5410,ABCA10
5411,AXDND1
5412,NOSTRIN
5413,PAX3
5414,GTSCR1
5415,PIP
5416,KIAA1522
5417,ARPC5
5418,SOX3
5419,SLC30A6
5420,ZNF20
5421,ADAM33
5422,MIA2
5423,LMOD3
5424,MGLL
5425,TFAP2A
5426,CREBZF
5427,HID1
5428,SOX10
5429,CP
5430,ST14
5431,ZNF354B
5432,MAST1
5433,STAT1
5434,THEM5
5435,LTBP3
5436,ACPL2
5437,P4HA1
5438,PRR23B
5439,KIAA1430
5440,ENO2
5441,TMEM42
5442,AP1M2
5443,N6AMT2
5444,ERLIN2
5445,GRM2
5446,ASIP
5447,PCMT1
5448,TRAT1
5449,UQCC2
5450,CRK
5451,CREBRF
5452,ELL3
5453,C11orf88
5454,CD276
5455,IGFLR1
5456,FKBP14
5457,PITPNC1
5458,MOB3B
5459,BMP3
5460,WDR63
5461,C3orf70
5462,CLUAP1
5463,IL17RA
5464,PPP1R26
5465,C14orf159
5466,SERPINB6
5467,FAM213A
5468,ANKRD34C
5469,ASB7
5470,KCNA5
5471,FAM150A
5472,KLHL9
5473,C17orf74
5474,MAGEA2B
5475,CTDSP2
5476,ASB6
5477,TERF2IP
5478,RASGEF1B
5479,GBX2
5480,BHLHB9
5481,MYOD1
5482,HOPX
5483,ATP5J2-PTCD1
5484,CLECL1
5485,CCDC74B
5486,ZNF570
5487,CISD1
5488,DCAF17
5489,TMEFF2
5490,ISM1
5491,GNL1
5492,AGPAT4
5493,GNE
5494,BRWD3
5495,EFHC1
5496,NXPE1
5497,IL32
5498,LRP6
5499,C1QTNF9
5500,ADAMTS2
5501,AMACR
5502,GLIPR1L2
5503,JDP2
5504,LRIG3
5505,LARP6
5506,SLC26A10
5507,TFAP2C
5508,PDGFRB
5509,HOXC5
5510,COPRS
5511,ITGB3
5512,BCDIN3D
5513,PTCH1
5514,TMEM70
5515,IGHMBP2
5516,NAPB
5517,LILRA4
5518,BLVRB
5519,POLI
5520,MURC
5521,ADAM11
5522,GPX8
5523,LRTM1
5524,GALNT13
5525,CHRM2
5526,MARCKS
5527,RWDD2B
5528,MAP2K1
5529,MZT2B
5530,ZNF480
5531,CWC27
5532,UBE2U
5533,CD37
5534,GSTA1
5535,PIGS
5536,AKAP13
5537,CCNI
5538,PPFIBP2
5539,NUDT17
5540,RNASE2
5541,PPP2R5B
5542,KRTAP9-1
5543,MAX
5544,SLC6A17
5545,UQCC1
5546,CD1C
5547,TBC1D7
5548,DERA
5549,ALDH16A1
5550,GCSAM
5551,PPM1J
5552,LUZP2
5553,VMAC
5554,MPP2
5555,C11orf42
5556,IRF2BP1
5557,DYNC1I1
5558,MTMR1
5559,IWS1
5560,UGGT2
5561,LETM2
5562,RC3H1
5563,ADAM23
5564,PHYHIPL
5565,RAET1L
5566,FBXO24
5567,GPC1
5568,HPS1
5569,ARRDC4
5570,NCOA5
5571,TCTEX1D1
5572,DNAH7
5573,CSPG4
5574,ALG12
5575,NAIF1
5576,LONRF2
5577,NBL1
5578,WDR89
5579,LRRC37B
5580,ZFP42
5581,TBC1D5
5582,HTATIP2
5583,KRTAP9-8
5584,PGPEP1
5585,GNA14
5586,DNAJC16
5587,CCDC91
5588,PRR22
5589,KIAA0825
5590,CXorf36
5591,ATOX1
5592,HS2ST1
5593,BPNT1
5594,KLF12
5595,PABPC4
5596,SFXN4
5597,ARFIP1
5598,PDIA4
5599,ANKRD7
5600,SMPD4
5601,ZBTB10
5602,PLAA
5603,MAN2C1
5604,FOXC2
5605,PCDP1
5606,PHF6
5607,BSN
5608,RAB2A
5609,FGFBP3
5610,COL7A1
5611,IL3RA
5612,TXNDC17
5613,AHI1
5614,DCAF12
5615,ANAPC16
5616,IFNAR2
5617,PRRT4
5618,PTER
5619,CNR1
5620,DCAF10
5621,PPP1R42
5622,FBXL16
5623,RAB40A
5624,BICD2
5625,PPP1R13B
5626,FIBIN
5627,HELZ2
5628,OBP2B
5629,FMR1
5630,AP2B1
5631,TFCP2L1
5632,NEMF
5633,ALCAM
5634,MSX2
5635,SAMHD1
5636,BBS12
5637,ZNF575
5638,KIR3DL1
5639,ALDH8A1
5640,KCNJ14
5641,GLT1D1
5642,ERBB4
5643,APOC2
5644,C12orf65
5645,SPINK9
5646,APMAP
5647,FRYL
5648,CNTRL
5649,CLMP
5650,ITGB3BP
5651,BMP4
5652,L1TD1
5653,ABCA1
5654,HCAR1
5655,MYO1A
5656,NME1
5657,UBFD1
5658,FAM222B
5659,CREB1
5660,ASMT
5661,ZNF721
5662,IQUB
5663,FOXF1
5664,ANXA8
5665,MANSC1
5666,SLC16A11
5667,ECH1
5668,FFAR2
5669,PPP6R2
5670,DMTN
5671,ALDH6A1
5672,FRS2
5673,STX8
5674,RNF148
5675,LPHN2
5676,KIF5A
5677,ITIH2
5678,GRIK5
5679,C9orf153
5680,GULP1
5681,HRSP12
5682,PAN3
5683,MYD88
5684,EMR1
5685,ANKRD50
5686,ENTPD4
5687,RPUSD3
5688,MAP4K2
5689,ECM2
5690,PTH2R
5691,DHRS13
5692,CCSER1
5693,KCNA2
5694,ZNF235
5695,CCDC63
5696,CHIC1
5697,OMD
5698,MAP2K5
5699,KIAA0141
5700,ARHGEF25
5701,TRAPPC6B
5702,WFIKKN2
5703,AXIN2
5704,NRP1
5705,SERPINI2
5706,ZNF527
5707,ZNF426
5708,C19orf83
5709,FAS
5710,RPS27L
5711,C11orf58
5712,MPP7
5713,CC2D2B
5714,BFAR
5715,SPRED2
5716,COL3A1
5717,LRTM2
5718,TH
5719,DEPDC1B
5720,FAM76B
5721,NFIA
5722,SYT4
5723,GSTO2
5724,UBE2Z
5725,ZNF534
5726,CLIC4
5727,ICOS
5728,CYP4F2
5729,ZNF30
5730,SYT2
5731,SLC25A53
5732,NR3C2
5733,CEP95
5734,CAMK1D
5735,ZNF716
5736,CTSS
5737,PRPS1
5738,C5orf60
5739,BTLA
5740,RBM24
5741,PCDHA12
5742,MPZL2
5743,FOXA3
5744,ZNF681
5745,NUDT11
5746,MSH4
5747,FBXL5
5748,PNP
5749,PRKAA2
5750,NT5C3B
5751,LEF1
5752,PLA2G4D
5753,ZBTB7B
5754,TBXAS1
5755,C4BPB
5756,PIGP
5757,SH3BGRL
5758,ADI1
5759,STXBP4
5760,ADH6
5761,OSBPL11
5762,CDK5RAP2
5763,WDR5B
5764,SCG3
5765,CHI3L2
5766,SLC1A2
5767,DMRTC1B
5768,CYP2C8
5769,DNAJA2
5770,CALCOCO2
5771,DRAM2
5772,NDEL1
5773,KSR1
5774,PEA15
5775,NOP14
5776,ZNF37A
5777,GAB2
5778,BSG
5779,TRIQK
5780,G6PC2
5781,MED13
5782,RAD21L1
5783,PM20D1
5784,AMZ2
5785,JUND
5786,TP53BP1
5787,CCT6B
5788,TROAP
5789,FAM214B
5790,IL8
5791,CYP2A7
5792,ERLIN1
5793,TMTC3
5794,TMEM106B
5795,OCRL
5796,FAM127B
5797,CEACAM5
5798,IVNS1ABP
5799,GOLPH3L
5800,GRAPL
5801,ETNPPL
5802,TXN
5803,SECISBP2
5804,ZNF32
5805,ZNF107
5806,AGA
5807,ASCL2
5808,TPM3
5809,RNF146
5810,ZNF728
5811,ARHGAP1
5812,ANKHD1-EIF4EBP3
5813,MAPK10
5814,RASSF3
5815,ARL13B
5816,EIF2AK1
5817,UGDH
5818,RNF128
5819,NACC1
5820,IDE
5821,TRIM38
5822,SUCNR1
5823,SNX24
5824,UBXN2B
5825,ATG5
5826,SYCP3
5827,CSGALNACT2
5828,SLC13A2
5829,GSDMB
5830,CLINT1
5831,ZNF461
5832,DDX60L
5833,C1GALT1C1
5834,C6orf226
5835,TCTEX1D2
5836,ZNF644
5837,TRIM33
5838,DZIP3
5839,FKTN
5840,PCDHA10
5841,WFDC6
5842,KIAA1009
5843,CNIH1
5844,TCEB2
5845,TBC1D19
5846,CDK5
5847,ZNF596
5848,FRMD1
5849,TMEM50A
5850,SLC46A3
5851,ZNF736
5852,KCNH7
5853,ZC2HC1A
5854,TMEM133
5855,DEPDC4
5856,CDH10
5857,TYW5
5858,TIMP2
5859,ZNF57
5860,AP4S1
5861,TKTL1
5862,UGT2A2
5863,RCHY1
5864,TIMM8B
5865,CHPT1
5866,GPATCH8
5867,NOL9
5868,SPINT1
5869,FAM103A1
5870,SLC1A1
5871,ARL3
5872,KLHL10
5873,SPATA31A6
5874,PIN1
5875,ZFP3
5876,HMG20A
5877,TBC1D8B
5878,OSBPL9
5879,GPR22
5880,TIMM10B
5881,CTDSPL
5882,PHF8
5883,ZC3H12C
5884,CARD17
5885,ZNF345
5886,PCDH11Y
5887,ZBTB20
5888,ZNF14
5889,STX19
5890,CDKL4
5891,STH
5892,NAP1L4
5893,IFITM2
5894,POP1
5895,ZNF669
5896,AMBN
5897,GDPD2
5898,AMER1
5899,ANGEL2
5900,SLC38A11
5901,TRAPPC5
5902,HES1
5903,WDR82
5904,AGK
5905,PDZK1
5906,ZNF436
5907,RBBP4
5908,ST13
5909,EMP2
5910,FAM129B
5911,MAGEH1
5912,CCNH
5913,MAPK15
5914,ALG2
5915,RPS6KA4
5916,ZFP28
5917,PBX2
5918,C5orf52
5919,KBTBD4
5920,PRAMEF6
5921,DCTN5
5922,ZNF259
5923,KIAA0753
5924,SPRY4
5925,MAEL
5926,MYCBPAP
5927,ETFB
5928,ORAOV1
5929,FAM127A
5930,TNNI2
5931,PMF1
5932,APOE
5933,RAP2C
5934,RRAGB
5935,PAK1IP1
5936,RRS1
5937,LYRM4
5938,B3GALT4
5939,LAS1L
5940,FGFR2
5941,PLK4
5942,AMPD1
5943,TRAF4
5944,FLOT1
5945,KRR1
5946,RRP9
5947,TNFRSF8
5948,NOL6
5949,FDX1L
5950,C2orf80
5951,WT1
5952,DDX20
5953,TARDBP
5954,NVL
5955,FLOT2
5956,FPR2
5957,RRP8
5958,PSMG4
5959,IFT52
5960,PLBD1
5961,PIAS2
5962,SOX4
5963,ADAP1
5964,NDUFA7
5965,NDUFS4
5966,YAE1D1
5967,SPTAN1
5968,PGAP3
5969,ENPP2
5970,ASTL
5971,CCDC27
5972,NTMT1
5973,EPB41L5
5974,C14orf178
5975,ZNF26
5976,EXOSC4
5977,INSIG1
5978,DIAPH2
5979,DENND4C
5980,TNKS
5981,C15orf43
5982,TRMT12
5983,GDE1
5984,LMBR1L
5985,PLCE1
5986,WDR5
5987,CLEC12A
5988,SERHL2
5989,FLRT3
5990,PIK3AP1
5991,EXOSC2
5992,ALKBH4
5993,RND1
5994,CHD6
5995,ADA
5996,GAST
5997,LLGL2
5998,RNF181
5999,CRAMP1L
6000,SEC24C
6001,CMAS
6002,FJX1
6003,ARHGAP26
6004,KLHL38
6005,KDELR1
6006,UHRF2
6007,CD55
6008,CAPN15
6009,EVI2A
6010,AP1B1
6011,NR6A1
6012,RALGAPB
6013,TWIST1
6014,TMEM61
6015,VPS13A
6016,TEX35
6017,OXSR1
6018,NQO1
6019,NAP1L1
6020,BCL9L
6021,CDH23
6022,NTRK3
6023,RPP14
6024,GMDS
6025,SLC35C1
6026,BRS3
6027,SQLE
6028,DNTTIP1
6029,GLDC
6030,BMS1
6031,HK1
6032,HIC2
6033,ANXA13
6034,KIF13B
6035,CRTC3
6036,ETS1
6037,TRAPPC1
6038,TP73
6039,IFT57
6040,STOML2
6041,CMA1
6042,NDUFS6
6043,ZNF430
6044,PPAPDC1A
6045,ST3GAL4
6046,SIGLEC7
6047,HELLS
6048,CCR5
6049,CFHR1
6050,IFT46
6051,RIOK3
6052,TMEM45B
6053,FBXL6
6054,RNPEP
6055,DNAJC7
6056,MDH1
6057,RNF144B
6058,CD36
6059,FGFR4
6060,C4orf33
6061,TSPAN8
6062,IMPDH1
6063,SPDEF
6064,PDP2
6065,ADORA2A
6066,ACOXL
6067,ZRANB1
6068,MORC2
6069,CEP112
6070,ABCA9
6071,EIF2A
6072,C5orf38
6073,NFIB
6074,GJD3
6075,TRPS1
6076,ZNF587B
6077,GAN
6078,USF2
6079,ARMCX3
6080,EFCAB14
6081,CCDC68
6082,BCAS1
6083,TIAM1
6084,APPBP2
6085,FAM63B
6086,QSOX1
6087,CRYZL1
6088,SGK1
6089,GPR1
6090,TBC1D22B
6091,CXCL10
6092,TALDO1
6093,PTPN22
6094,TSNAX
6095,SPOPL
6096,ERN1
6097,CLGN
6098,SERTM1
6099,OSGIN2
6100,NUDT12
6101,RAD23B
6102,ZNF510
6103,YIPF7
6104,PARP3
6105,TAF7L
6106,ZNF2
6107,TMEM134
6108,DBNDD1
6109,TMEM150C
6110,UBE2R2
6111,SLC35E1
6112,OSR2
6113,TAC4
6114,MMEL1
6115,UTS2B
6116,CPNE2
6117,EDN1
6118,SUV39H2
6119,LSMEM1
6120,TCEANC2
6121,ZNF573
6122,FOXC1
6123,HMGB2
6124,SMIM4
6125,SSH1
6126,PNMT
6127,ZUFSP
6128,TAS2R5
6129,GSTM1
6130,RGS20
6131,IDH1
6132,ATXN7L3B
6133,LYPD2
6134,GPR171
6135,RILPL1
6136,C17orf85
6137,NUMB
6138,ZNF571
6139,KAT6B
6140,PARP14
6141,C6orf48
6142,SIGMAR1
6143,CLK1
6144,TTC5
6145,TRIM6
6146,ZNF620
6147,TMEM81
6148,SPESP1
6149,TMEM110
6150,ZNF302
6151,GYG1
6152,METTL4
6153,KIF1B
6154,IER5
6155,GPR161
6156,DYNLT3
6157,C10orf68
6158,JADE3
6159,GIN1
6160,CPNE5
6161,NTNG1
6162,GPAT2
6163,TBX3
6164,ARMC2
6165,TMSB4X
6166,MCTP1
6167,VTN
6168,FAM175B
6169,ATP6V0A1
6170,LMX1B
6171,SLC22A5
6172,TM4SF20
6173,CLOCK
6174,GPAA1
6175,PGAP2
6176,FAM200A
6177,MALSU1
6178,CCDC109B
6179,CRHR1
6180,SERPINB4
6181,CRISP2
6182,SLC5A12
6183,CNOT8
6184,LCN2
6185,TMPO
6186,STX7
6187,DAND5
6188,CYP4F11
6189,CCDC104
6190,HKR1
6191,ZNF330
6192,CNTN5
6193,FAHD2A
6194,CCDC106
6195,ESR1
6196,FAM134B
6197,TRIT1
6198,EIF4A2
6199,TPRG1
6200,STMN1
6201,PRIMPOL
6202,CHAMP1
6203,SERINC1
6204,ZC3H12A
6205,LEPROTL1
6206,ZNF93
6207,NAALAD2
6208,ZNF839
6209,ZNF771
6210,MMADHC
6211,CD2AP
6212,OLFML3
6213,CWH43
6214,GSE1
6215,UNC79
6216,FOXO3
6217,KMT2C
6218,C1QTNF9B
6219,RASA1
6220,WDTC1
6221,PAQR3
6222,SFT2D2
6223,MYO6
6224,SIL1
6225,PRMT2
6226,PDE8B
6227,BEND3
6228,RHOBTB3
6229,TMEM80
6230,IL1RAP
6231,YTHDC2
6232,DDIT4
6233,NTN1
6234,C14orf166B
6235,ANKRD54
6236,ZAR1
6237,MDC1
6238,PM20D2
6239,AMDHD2
6240,SSFA2
6241,PON2
6242,FOXN2
6243,DUSP5
6244,ILDR1
6245,FOSL2
6246,APOL2
6247,TMEM129
6248,IL17D
6249,PYHIN1
6250,PLA2G4A
6251,NMRAL1
6252,AATK
6253,SOWAHC
6254,ANXA2
6255,CA11
6256,PCDHGB2
6257,ANTXR2
6258,MYH10
6259,HIPK1
6260,NEUROG3
6261,FMO1
6262,METTL6
6263,APLP1
6264,BMPR1B
6265,EFNA5
6266,MTR
6267,TSGA10
6268,BHLHE40
6269,ARFGAP1
6270,HPD
6271,XBP1
6272,GPRC5A
6273,IRX2
6274,RABL2B
6275,FAM194A
6276,KCNAB1
6277,ITCH
6278,NR1I3
6279,SIK2
6280,ZNF780B
6281,WASF3
6282,ANKRD28
6283,C15orf26
6284,AMN
6285,PIGM
6286,ZNF608
6287,CHST10
6288,EDEM3
6289,PFKFB4
6290,AQP9
6291,FICD
6292,SWT1
6293,GGN
6294,ITGB8
6295,TMPRSS13
6296,AIMP2
6297,LAYN
6298,CHRAC1
6299,MORN1
6300,MAPK13
6301,PLB1
6302,LRP4
6303,PIGN
6304,FAM111A
6305,GIPC3
6306,LRRIQ4
6307,MAPK7
6308,NLRP13
6309,RAPH1
6310,PUSL1
6311,ELMOD3
6312,STAC3
6313,JMJD7-PLA2G4B
6314,KDM6A
6315,LYPD5
6316,PTP4A3
6317,CDC37L1
6318,NOL3
6319,ABCC11
6320,VSTM5
6321,SLC43A3
6322,PI4K2A
6323,VWA8
6324,CLMN
6325,GNG10
6326,RMND5B
6327,HPRT1
6328,CDKN2B
6329,FDXACB1
6330,NR2C2
6331,KCNA7
6332,ATP8A2
6333,DBN1
6334,SESN3
6335,RCN3
6336,NKAIN4
6337,RASSF7
6338,NMU
6339,PANK4
6340,KCND3
6341,BTC
6342,MFNG
6343,IQCC
6344,FAM162A
6345,TCF20
6346,C11orf70
6347,KIF7
6348,TLX3
6349,MSL2
6350,RASSF4
6351,PTGES2
6352,ABLIM3
6353,ZNF300
6354,CBLN4
6355,ZBTB26
6356,WHSC1
6357,SLC29A2
6358,BCL2L15
6359,LAMA5
6360,CNTNAP2
6361,ELMSAN1
6362,KIF21A
6363,PCCB
6364,KIF1C
6365,CCDC50
6366,GAA
6367,DHX57
6368,SFI1
6369,CSTB
6370,CEP170
6371,FAM216A
6372,ZBTB24
6373,HOXD11
6374,MAT1A
6375,DHCR7
6376,ATPIF1
6377,YPEL3
6378,TAB2
6379,MYO18B
6380,FAM71F2
6381,AR
6382,NEDD9
6383,C19orf18
6384,NABP2
6385,GNG4
6386,C12orf43
6387,IGF2BP3
6388,AKAP5
6389,POC5
6390,ALMS1
6391,DENND2D
6392,PCDH17
6393,IGFL3
6394,MEST
6395,CSF2RA
6396,DND1
6397,FLT4
6398,KIAA1614
6399,PACS1
6400,ATL3
6401,NKAPL
6402,KMO
6403,NTS
6404,DDIT3
6405,BTD
6406,ERLEC1
6407,WFDC2
6408,SNX9
6409,CFI
6410,SGCB
6411,ZBTB9
6412,CCDC80
6413,ESR2
6414,ABCC12
6415,GLT8D1
6416,FZD8
6417,MAGT1
6418,PAK4
6419,TRAF3
6420,COMT
6421,APC2
6422,DUSP1
6423,PARPBP
6424,CTNNA2
6425,ALKBH1
6426,ZNF517
6427,ELOVL1
6428,RAPGEF2
6429,CNTNAP3
6430,WIPI2
6431,C1orf101
6432,WWC2
6433,RBMS2
6434,TBC1D1
6435,LRRC63
6436,KLHL18
6437,PCNXL2
6438,PSME2
6439,LRCH2
6440,MAP1A
6441,ECT2L
6442,PCDHGA6
6443,FAM3C
6444,PCP4
6445,FAN1
6446,ZNF99
6447,LRFN1
6448,CALCA
6449,ANXA1
6450,NMUR1
6451,DCAF4L1
6452,ATG2B
6453,VKORC1L1
6454,FOXS1
6455,NEDD4L
6456,NUTM2G
6457,PTPN14
6458,SMIM13
6459,ZNF10
6460,MTHFS
6461,SMOC2
6462,ABCC9
6463,INPP5B
6464,CCDC85C
6465,SIAH1
6466,TMEM5
